ID_ALUMNO_COMISION,ID_ALUMNO,ID_COMISION,ESTADO,NOTA,CERTIFICADO_FECHA_EXPEDICION,ID_CERTIFICADO,FECHA_ALTA,FECHA_BAJA
15,15,1,APROBADO,8.73,2024-02-06 15:59:58,15,2024-12-13 17:22:08,2025-03-26 18:12:00
375,175,1,EN CURSO,,,,2024-12-13 17:22:08,2025-03-26 18:12:00
5,5,1,DESAPROBADO,5.44,,,2024-12-13 17:22:08,2025-03-26 18:12:00
614,14,1,APROBADO,7.44,2024-11-13 11:24:26,614,2024-12-13 17:22:08,2025-03-26 18:12:00
665,65,1,EN CURSO,,,,2024-12-13 17:22:08,2025-03-26 18:12:00
850,50,1,APROBADO,9.26,2025-03-28 10:09:39,850,2024-12-13 17:22:08,2025-03-26 18:12:00
868,68,1,APROBADO,7.62,2025-04-03 18:50:16,868,2024-12-13 17:22:08,2025-03-26 18:12:00
127,127,10,APROBADO,9.65,2024-04-21 21:30:08,127,2025-01-01 13:18:42,2025-04-23 13:50:58
128,128,10,EN CURSO,,,,2025-01-01 13:18:42,2025-04-23 13:50:58
275,75,10,APROBADO,8.17,2024-06-13 14:46:03,275,2025-01-01 13:18:42,2025-04-23 13:50:58
283,83,10,APROBADO,7.53,2024-08-11 9:50:13,283,2025-01-01 13:18:42,2025-04-23 13:50:58
313,113,10,EN CURSO,,,,2025-01-01 13:18:42,2025-04-23 13:50:58
4,4,10,APROBADO,9.18,2024-03-26 21:45:55,4,2025-01-01 13:18:42,2025-04-23 13:50:58
670,70,10,APROBADO,9.34,2025-01-02 14:26:50,670,2025-01-01 13:18:42,2025-04-23 13:50:58
681,81,10,APROBADO,9.03,2024-12-22 17:00:35,681,2025-01-01 13:18:42,2025-04-23 13:50:58
740,140,10,APROBADO,7.31,2025-04-05 13:50:03,740,2025-01-01 13:18:42,2025-04-23 13:50:58
806,6,10,APROBADO,9.74,2025-04-15 11:11:53,806,2025-01-01 13:18:42,2025-04-23 13:50:58
880,80,10,DESAPROBADO,4.08,,,2025-01-01 13:18:42,2025-04-23 13:50:58
942,142,10,APROBADO,8.18,2025-04-27 14:35:45,942,2025-01-01 13:18:42,2025-04-23 13:50:58
12,12,100,EN CURSO,,,,2025-01-09 20:19:40,2025-04-19 20:36:38
124,124,100,APROBADO,9.04,2024-03-20 19:44:52,124,2025-01-09 20:19:40,2025-04-19 20:36:38
151,151,100,EN CURSO,,,,2025-01-09 20:19:40,2025-04-19 20:36:38
261,61,100,APROBADO,9.47,2024-05-13 10:04:34,261,2025-01-09 20:19:40,2025-04-19 20:36:38
277,77,100,EN CURSO,,,,2025-01-09 20:19:40,2025-04-19 20:36:38
282,82,100,DESAPROBADO,2.02,,,2025-01-09 20:19:40,2025-04-19 20:36:38
512,112,100,APROBADO,7.85,2024-11-28 18:36:24,512,2025-01-09 20:19:40,2025-04-19 20:36:38
601,1,100,APROBADO,7.06,2024-12-11 9:51:28,601,2025-01-09 20:19:40,2025-04-19 20:36:38
950,150,100,APROBADO,9.82,2025-04-28 21:35:12,950,2025-01-09 20:19:40,2025-04-19 20:36:38
164,164,11,APROBADO,7.44,2024-04-13 20:24:21,164,2025-02-22 13:23:57,
173,173,11,APROBADO,7.25,2024-04-16 11:09:16,173,2025-02-22 13:23:57,
588,188,11,APROBADO,8.66,2024-10-25 23:00:04,588,2025-02-22 13:23:57,
758,158,11,EN CURSO,,,,2025-02-22 13:23:57,
832,32,11,DESAPROBADO,4.27,,,2025-02-22 13:23:57,
869,69,11,APROBADO,9.78,2025-05-13 22:19:27,869,2025-02-22 13:23:57,
9,9,11,APROBADO,7.92,2024-03-19 10:14:42,9,2025-02-22 13:23:57,
97,97,11,APROBADO,6.02,2024-03-25 11:06:50,97,2025-02-22 13:23:57,
994,194,11,EN CURSO,,,,2025-02-22 13:23:57,
171,171,12,DESAPROBADO,2.95,,,2025-02-21 11:19:05,2025-08-11 12:15:45
216,16,12,APROBADO,7.79,2024-05-28 20:59:35,216,2025-02-21 11:19:05,2025-08-11 12:15:45
223,23,12,EN CURSO,,,,2025-02-21 11:19:05,2025-08-11 12:15:45
246,46,12,APROBADO,8.94,2024-07-04 21:06:14,246,2025-02-21 11:19:05,2025-08-11 12:15:45
300,100,12,EN CURSO,,,,2025-02-21 11:19:05,2025-08-11 12:15:45
396,196,12,APROBADO,7.73,2024-11-06 11:02:23,396,2025-02-21 11:19:05,2025-08-11 12:15:45
538,138,12,APROBADO,7.3,2024-12-12 18:23:02,538,2025-02-21 11:19:05,2025-08-11 12:15:45
542,142,12,EN CURSO,,,,2025-02-21 11:19:05,2025-08-11 12:15:45
570,170,12,APROBADO,7.06,2024-12-03 14:50:04,570,2025-02-21 11:19:05,2025-08-11 12:15:45
657,57,12,APROBADO,9.3,2025-01-30 14:12:01,657,2025-02-21 11:19:05,2025-08-11 12:15:45
705,105,12,EN CURSO,,,,2025-02-21 11:19:05,2025-08-11 12:15:45
843,43,12,DESAPROBADO,2.28,,,2025-02-21 11:19:05,2025-08-11 12:15:45
93,93,12,APROBADO,6.39,2024-04-23 12:23:28,93,2025-02-21 11:19:05,2025-08-11 12:15:45
993,193,12,APROBADO,8.16,2025-08-16 12:52:04,993,2025-02-21 11:19:05,2025-08-11 12:15:45
112,112,13,APROBADO,8.88,2024-05-27 22:02:11,112,2024-12-28 18:13:49,2025-05-04 19:06:28
166,166,13,APROBADO,6.09,2024-04-11 19:18:09,166,2024-12-28 18:13:49,2025-05-04 19:06:28
183,183,13,APROBADO,8.05,2024-05-14 16:49:16,183,2024-12-28 18:13:49,2025-05-04 19:06:28
285,85,13,EN CURSO,,,,2024-12-28 18:13:49,2025-05-04 19:06:28
295,95,13,EN CURSO,,,,2024-12-28 18:13:49,2025-05-04 19:06:28
591,191,13,EN CURSO,,,,2024-12-28 18:13:49,2025-05-04 19:06:28
739,139,13,DESAPROBADO,2.8,,,2024-12-28 18:13:49,2025-05-04 19:06:28
8,8,13,APROBADO,9.95,2024-02-19 19:45:01,8,2024-12-28 18:13:49,2025-05-04 19:06:28
809,9,13,EN CURSO,,,,2024-12-28 18:13:49,2025-05-04 19:06:28
927,127,13,APROBADO,7.68,2025-05-08 19:41:47,927,2024-12-28 18:13:49,2025-05-04 19:06:28
176,176,14,DESAPROBADO,5.82,,,2025-02-11 12:42:59,2025-07-25 13:32:55
309,109,14,EN CURSO,,,,2025-02-11 12:42:59,2025-07-25 13:32:55
369,169,14,DESAPROBADO,5.23,,,2025-02-11 12:42:59,2025-07-25 13:32:55
436,36,14,APROBADO,7.19,2024-10-10 18:51:32,436,2025-02-11 12:42:59,2025-07-25 13:32:55
453,53,14,APROBADO,6.09,2024-11-24 9:36:23,453,2025-02-11 12:42:59,2025-07-25 13:32:55
465,65,14,DESAPROBADO,1.02,,,2025-02-11 12:42:59,2025-07-25 13:32:55
704,104,14,APROBADO,6.52,2025-04-17 19:29:13,704,2025-02-11 12:42:59,2025-07-25 13:32:55
719,119,14,APROBADO,9.32,2025-02-10 17:54:51,719,2025-02-11 12:42:59,2025-07-25 13:32:55
754,154,14,DESAPROBADO,4.93,,,2025-02-11 12:42:59,2025-07-25 13:32:55
768,168,14,DESAPROBADO,3.57,,,2025-02-11 12:42:59,2025-07-25 13:32:55
871,71,14,APROBADO,8.01,2025-04-29 18:53:07,871,2025-02-11 12:42:59,2025-07-25 13:32:55
911,111,14,EN CURSO,,,,2025-02-11 12:42:59,2025-07-25 13:32:55
983,183,14,APROBADO,9.66,2025-07-29 14:06:19,983,2025-02-11 12:42:59,2025-07-25 13:32:55
232,32,15,DESAPROBADO,5.31,,,2024-12-11 8:50:33,2025-01-29 9:29:38
271,71,15,APROBADO,8.06,2024-07-23 18:14:27,271,2024-12-11 8:50:33,2025-01-29 9:29:38
330,130,15,EN CURSO,,,,2024-12-11 8:50:33,2025-01-29 9:29:38
336,136,15,DESAPROBADO,2.56,,,2024-12-11 8:50:33,2025-01-29 9:29:38
388,188,15,APROBADO,6.48,2024-10-23 18:14:46,388,2024-12-11 8:50:33,2025-01-29 9:29:38
475,75,15,APROBADO,6.73,2024-12-14 21:30:35,475,2024-12-11 8:50:33,2025-01-29 9:29:38
503,103,15,APROBADO,7.48,2024-12-12 21:44:11,503,2024-12-11 8:50:33,2025-01-29 9:29:38
572,172,15,APROBADO,8.59,2024-12-09 23:06:45,572,2024-12-11 8:50:33,2025-01-29 9:29:38
787,187,15,APROBADO,9.79,2025-04-10 11:31:12,787,2024-12-11 8:50:33,2025-01-29 9:29:38
798,198,15,EN CURSO,,,,2024-12-11 8:50:33,2025-01-29 9:29:38
859,59,15,DESAPROBADO,2.73,,,2024-12-11 8:50:33,2025-01-29 9:29:38
290,90,16,EN CURSO,,,,2024-04-30 14:58:30,
311,111,16,DESAPROBADO,1.55,,,2024-04-30 14:58:30,
356,156,16,APROBADO,9.34,2024-09-25 17:33:53,356,2024-04-30 14:58:30,
365,165,16,EN CURSO,,,,2024-04-30 14:58:30,
59,59,16,EN CURSO,,,,2024-04-30 14:58:30,
130,130,17,APROBADO,6.07,2024-03-08 9:24:42,130,2024-12-27 10:20:14,2025-06-18 10:28:07
212,12,17,APROBADO,6.74,2024-04-15 20:38:07,212,2024-12-27 10:20:14,2025-06-18 10:28:07
33,33,17,APROBADO,8.52,2024-04-10 13:20:51,33,2024-12-27 10:20:14,2025-06-18 10:28:07
404,4,17,DESAPROBADO,1.19,,,2024-12-27 10:20:14,2025-06-18 10:28:07
589,189,17,DESAPROBADO,5.34,,,2024-12-27 10:20:14,2025-06-18 10:28:07
593,193,17,EN CURSO,,,,2024-12-27 10:20:14,2025-06-18 10:28:07
611,11,17,APROBADO,7.31,2024-12-22 21:31:07,611,2024-12-27 10:20:14,2025-06-18 10:28:07
677,77,17,APROBADO,8.64,2025-03-07 20:00:28,677,2024-12-27 10:20:14,2025-06-18 10:28:07
790,190,17,DESAPROBADO,2.67,,,2024-12-27 10:20:14,2025-06-18 10:28:07
851,51,17,APROBADO,7.66,2025-04-01 19:35:58,851,2024-12-27 10:20:14,2025-06-18 10:28:07
923,123,17,APROBADO,9.72,2025-06-25 10:35:06,923,2024-12-27 10:20:14,2025-06-18 10:28:07
107,107,18,APROBADO,7.21,2024-04-12 12:10:06,107,2024-11-19 18:04:33,
118,118,18,EN CURSO,,,,2024-11-19 18:04:33,
121,121,18,EN CURSO,,,,2024-11-19 18:04:33,
263,63,18,APROBADO,8.46,2024-06-24 19:01:48,263,2024-11-19 18:04:33,
556,156,18,DESAPROBADO,5.18,,,2024-11-19 18:04:33,
634,34,18,EN CURSO,,,,2024-11-19 18:04:33,
772,172,18,EN CURSO,,,,2024-11-19 18:04:33,
100,100,19,DESAPROBADO,1.59,,,2025-02-20 10:59:58,
245,45,19,EN CURSO,,,,2025-02-20 10:59:58,
288,88,19,DESAPROBADO,4.43,,,2025-02-20 10:59:58,
358,158,19,APROBADO,7.61,2024-08-10 14:30:46,358,2025-02-20 10:59:58,
418,18,19,APROBADO,8.91,2024-11-16 17:31:37,418,2025-02-20 10:59:58,
615,15,19,APROBADO,7.27,2025-01-20 16:24:53,615,2025-02-20 10:59:58,
678,78,19,APROBADO,6.27,2025-03-01 12:45:38,678,2025-02-20 10:59:58,
842,42,19,APROBADO,9.21,2025-03-17 9:25:50,842,2025-02-20 10:59:58,
91,91,19,DESAPROBADO,4.67,,,2025-02-20 10:59:58,
924,124,19,EN CURSO,,,,2025-02-20 10:59:58,
992,192,19,EN CURSO,,,,2025-02-20 10:59:58,
178,178,2,DESAPROBADO,4.72,,,2025-01-24 9:46:34,2025-07-03 10:06:23
20,20,2,EN CURSO,,,,2025-01-24 9:46:34,2025-07-03 10:06:23
38,38,2,APROBADO,8.99,2024-04-22 19:24:38,38,2025-01-24 9:46:34,2025-07-03 10:06:23
400,200,2,DESAPROBADO,5.69,,,2025-01-24 9:46:34,2025-07-03 10:06:23
483,83,2,DESAPROBADO,4.73,,,2025-01-24 9:46:34,2025-07-03 10:06:23
50,50,2,EN CURSO,,,,2025-01-24 9:46:34,2025-07-03 10:06:23
525,125,2,EN CURSO,,,,2025-01-24 9:46:34,2025-07-03 10:06:23
733,133,2,DESAPROBADO,3.21,,,2025-01-24 9:46:34,2025-07-03 10:06:23
823,23,2,APROBADO,8.1,2025-04-14 15:36:00,823,2025-01-24 9:46:34,2025-07-03 10:06:23
882,82,2,EN CURSO,,,,2025-01-24 9:46:34,2025-07-03 10:06:23
898,98,2,EN CURSO,,,,2025-01-24 9:46:34,2025-07-03 10:06:23
965,165,2,APROBADO,8.3,2025-07-11 10:27:48,965,2025-01-24 9:46:34,2025-07-03 10:06:23
129,129,20,APROBADO,6.47,2024-05-08 9:13:54,129,2025-01-21 18:51:34,2025-04-30 19:25:23
199,199,20,APROBADO,8.73,2024-06-06 15:02:05,199,2025-01-21 18:51:34,2025-04-30 19:25:23
317,117,20,APROBADO,8.69,2024-08-27 10:19:30,317,2025-01-21 18:51:34,2025-04-30 19:25:23
322,122,20,APROBADO,7.8,2024-07-09 15:36:26,322,2025-01-21 18:51:34,2025-04-30 19:25:23
58,58,20,EN CURSO,,,,2025-01-21 18:51:34,2025-04-30 19:25:23
623,23,20,EN CURSO,,,,2025-01-21 18:51:34,2025-04-30 19:25:23
77,77,20,APROBADO,9.34,2024-02-26 9:27:12,77,2025-01-21 18:51:34,2025-04-30 19:25:23
785,185,20,APROBADO,6.91,2025-04-23 21:50:20,785,2025-01-21 18:51:34,2025-04-30 19:25:23
896,96,20,APROBADO,8.57,2025-06-20 16:32:05,896,2025-01-21 18:51:34,2025-04-30 19:25:23
962,162,20,APROBADO,7.31,2025-05-04 19:51:17,962,2025-01-21 18:51:34,2025-04-30 19:25:23
142,142,21,DESAPROBADO,1.31,,,2025-02-13 17:32:22,2025-05-03 18:11:12
206,6,21,APROBADO,6.36,2024-04-04 14:03:30,206,2025-02-13 17:32:22,2025-05-03 18:11:12
310,110,21,APROBADO,8.78,2024-07-16 22:01:29,310,2025-02-13 17:32:22,2025-05-03 18:11:12
341,141,21,APROBADO,8.65,2024-09-29 22:46:41,341,2025-02-13 17:32:22,2025-05-03 18:11:12
560,160,21,DESAPROBADO,4.94,,,2025-02-13 17:32:22,2025-05-03 18:11:12
654,54,21,DESAPROBADO,2.87,,,2025-02-13 17:32:22,2025-05-03 18:11:12
674,74,21,APROBADO,9,2025-01-20 22:21:37,674,2025-02-13 17:32:22,2025-05-03 18:11:12
749,149,21,APROBADO,6.67,2025-03-19 19:43:24,749,2025-02-13 17:32:22,2025-05-03 18:11:12
926,126,21,APROBADO,6.75,2025-04-14 19:38:14,926,2025-02-13 17:32:22,2025-05-03 18:11:12
985,185,21,DESAPROBADO,2.83,,,2025-02-13 17:32:22,2025-05-03 18:11:12
115,115,22,APROBADO,6.69,2024-05-02 17:41:17,115,2025-01-04 17:03:45,2025-03-25 17:53:12
325,125,22,EN CURSO,,,,2025-01-04 17:03:45,2025-03-25 17:53:12
405,5,22,APROBADO,9.14,2024-11-15 11:54:32,405,2025-01-04 17:03:45,2025-03-25 17:53:12
568,168,22,APROBADO,9.24,2024-11-12 19:33:03,568,2025-01-04 17:03:45,2025-03-25 17:53:12
575,175,22,APROBADO,9.21,2024-12-06 14:41:37,575,2025-01-04 17:03:45,2025-03-25 17:53:12
684,84,22,EN CURSO,,,,2025-01-04 17:03:45,2025-03-25 17:53:12
724,124,22,APROBADO,8.52,2025-04-17 17:37:00,724,2025-01-04 17:03:45,2025-03-25 17:53:12
743,143,22,EN CURSO,,,,2025-01-04 17:03:45,2025-03-25 17:53:12
763,163,22,APROBADO,6.6,2025-05-05 17:40:56,763,2025-01-04 17:03:45,2025-03-25 17:53:12
833,33,22,DESAPROBADO,2.48,,,2025-01-04 17:03:45,2025-03-25 17:53:12
932,132,22,APROBADO,7.2,2025-04-24 18:25:58,932,2025-01-04 17:03:45,2025-03-25 17:53:12
945,145,22,DESAPROBADO,4.07,,,2025-01-04 17:03:45,2025-03-25 17:53:12
293,93,23,APROBADO,7.11,2024-06-19 16:36:28,293,2024-12-01 19:08:37,2025-05-29 19:49:13
420,20,23,APROBADO,7.02,2024-10-29 17:07:25,420,2024-12-01 19:08:37,2025-05-29 19:49:13
553,153,23,APROBADO,6.33,2024-12-22 13:50:06,553,2024-12-01 19:08:37,2025-05-29 19:49:13
599,199,23,APROBADO,9.32,2024-12-30 15:52:22,599,2024-12-01 19:08:37,2025-05-29 19:49:13
607,7,23,APROBADO,8.12,2025-01-10 19:11:22,607,2024-12-01 19:08:37,2025-05-29 19:49:13
620,20,23,APROBADO,8.48,2025-01-02 21:04:11,620,2024-12-01 19:08:37,2025-05-29 19:49:13
804,4,23,EN CURSO,,,,2024-12-01 19:08:37,2025-05-29 19:49:13
821,21,23,APROBADO,9.23,2025-06-04 20:35:31,821,2024-12-01 19:08:37,2025-05-29 19:49:13
229,29,24,EN CURSO,,,,2025-01-17 9:31:56,2025-06-22 9:50:05
273,73,24,EN CURSO,,,,2025-01-17 9:31:56,2025-06-22 9:50:05
491,91,24,APROBADO,8.76,2024-10-28 20:52:03,491,2025-01-17 9:31:56,2025-06-22 9:50:05
60,60,24,DESAPROBADO,3.34,,,2025-01-17 9:31:56,2025-06-22 9:50:05
738,138,24,EN CURSO,,,,2025-01-17 9:31:56,2025-06-22 9:50:05
867,67,24,DESAPROBADO,4.97,,,2025-01-17 9:31:56,2025-06-22 9:50:05
931,131,24,DESAPROBADO,2.66,,,2025-01-17 9:31:56,2025-06-22 9:50:05
939,139,24,APROBADO,9.89,2025-07-02 8:48:03,939,2025-01-17 9:31:56,2025-06-22 9:50:05
949,149,24,DESAPROBADO,4.02,,,2025-01-17 9:31:56,2025-06-22 9:50:05
958,158,24,APROBADO,9.49,2025-07-02 10:09:27,958,2025-01-17 9:31:56,2025-06-22 9:50:05
145,145,25,APROBADO,6.13,2024-04-20 11:00:21,145,2024-12-30 14:38:32,2025-02-01 15:10:52
155,155,25,DESAPROBADO,3.92,,,2024-12-30 14:38:32,2025-02-01 15:10:52
188,188,25,DESAPROBADO,3.61,,,2024-12-30 14:38:32,2025-02-01 15:10:52
210,10,25,APROBADO,7.25,2024-03-31 13:43:18,210,2024-12-30 14:38:32,2025-02-01 15:10:52
326,126,25,EN CURSO,,,,2024-12-30 14:38:32,2025-02-01 15:10:52
331,131,25,APROBADO,8.24,2024-08-30 13:43:56,331,2024-12-30 14:38:32,2025-02-01 15:10:52
495,95,25,APROBADO,7.73,2024-11-02 17:53:57,495,2024-12-30 14:38:32,2025-02-01 15:10:52
540,140,25,DESAPROBADO,2.06,,,2024-12-30 14:38:32,2025-02-01 15:10:52
555,155,25,APROBADO,9.2,2024-12-22 17:21:59,555,2024-12-30 14:38:32,2025-02-01 15:10:52
598,198,25,EN CURSO,,,,2024-12-30 14:38:32,2025-02-01 15:10:52
683,83,25,APROBADO,6.45,2025-03-10 14:56:28,683,2024-12-30 14:38:32,2025-02-01 15:10:52
936,136,25,DESAPROBADO,2.56,,,2024-12-30 14:38:32,2025-02-01 15:10:52
163,163,26,APROBADO,9.28,2024-06-05 15:43:36,163,2024-06-27 17:49:31,2024-10-01 18:23:54
187,187,26,DESAPROBADO,3.91,,,2024-06-27 17:49:31,2024-10-01 18:23:54
292,92,26,APROBADO,8.12,2024-06-06 9:57:51,292,2024-06-27 17:49:31,2024-10-01 18:23:54
502,102,26,APROBADO,9.15,2024-10-06 18:25:36,502,2024-06-27 17:49:31,2024-10-01 18:23:54
73,73,26,DESAPROBADO,5.25,,,2024-06-27 17:49:31,2024-10-01 18:23:54
305,105,27,DESAPROBADO,2.81,,,2025-01-31 12:29:52,
34,34,27,APROBADO,7.68,2024-03-25 15:03:27,34,2025-01-31 12:29:52,
477,77,27,APROBADO,8.57,2024-10-20 15:16:43,477,2025-01-31 12:29:52,
550,150,27,EN CURSO,,,,2025-01-31 12:29:52,
604,4,27,EN CURSO,,,,2025-01-31 12:29:52,
618,18,27,APROBADO,7.08,2024-11-12 17:32:18,618,2025-01-31 12:29:52,
756,156,27,APROBADO,6.15,2025-04-08 20:37:24,756,2025-01-31 12:29:52,
883,83,27,APROBADO,8.58,2025-05-30 14:02:52,883,2025-01-31 12:29:52,
906,106,27,APROBADO,6.81,2025-05-17 9:41:30,906,2025-01-31 12:29:52,
909,109,27,APROBADO,9.25,2025-05-11 21:07:03,909,2025-01-31 12:29:52,
915,115,27,EN CURSO,,,,2025-01-31 12:29:52,
929,129,27,DESAPROBADO,3.92,,,2025-01-31 12:29:52,
972,172,27,EN CURSO,,,,2025-01-31 12:29:52,
244,44,28,EN CURSO,,,,2024-12-27 9:11:40,
265,65,28,APROBADO,6.65,2024-05-28 20:26:14,265,2024-12-27 9:11:40,
511,111,28,EN CURSO,,,,2024-12-27 9:11:40,
629,29,28,APROBADO,9.66,2024-11-21 9:37:17,629,2024-12-27 9:11:40,
648,48,28,APROBADO,8.4,2024-11-19 22:18:30,648,2024-12-27 9:11:40,
709,109,28,EN CURSO,,,,2024-12-27 9:11:40,
762,162,28,APROBADO,6.51,2025-04-30 11:59:35,762,2024-12-27 9:11:40,
793,193,28,APROBADO,6.09,2025-04-15 20:13:28,793,2024-12-27 9:11:40,
87,87,28,APROBADO,9.96,2024-05-20 16:32:15,87,2024-12-27 9:11:40,
922,122,28,EN CURSO,,,,2024-12-27 9:11:40,
250,50,29,DESAPROBADO,2.84,,,2024-12-02 15:13:47,
445,45,29,EN CURSO,,,,2024-12-02 15:13:47,
508,108,29,DESAPROBADO,2.07,,,2024-12-02 15:13:47,
524,124,29,APROBADO,7.27,2024-10-26 19:44:55,524,2024-12-02 15:13:47,
810,10,29,EN CURSO,,,,2024-12-02 15:13:47,
824,24,29,EN CURSO,,,,2024-12-02 15:13:47,
101,101,3,APROBADO,7.71,2024-03-25 10:00:13,101,2025-01-26 18:44:13,2025-06-29 19:21:09
203,3,3,APROBADO,9.62,2024-05-05 9:54:25,203,2025-01-26 18:44:13,2025-06-29 19:21:09
258,58,3,APROBADO,8.62,2024-07-19 14:09:17,258,2025-01-26 18:44:13,2025-06-29 19:21:09
279,79,3,APROBADO,9.14,2024-05-30 15:22:27,279,2025-01-26 18:44:13,2025-06-29 19:21:09
299,99,3,DESAPROBADO,2.98,,,2025-01-26 18:44:13,2025-06-29 19:21:09
321,121,3,DESAPROBADO,1.71,,,2025-01-26 18:44:13,2025-06-29 19:21:09
324,124,3,APROBADO,6.08,2024-06-23 21:58:25,324,2025-01-26 18:44:13,2025-06-29 19:21:09
348,148,3,APROBADO,6.89,2024-07-29 21:00:17,348,2025-01-26 18:44:13,2025-06-29 19:21:09
43,43,3,EN CURSO,,,,2025-01-26 18:44:13,2025-06-29 19:21:09
444,44,3,APROBADO,7.45,2024-09-23 22:56:29,444,2025-01-26 18:44:13,2025-06-29 19:21:09
507,107,3,EN CURSO,,,,2025-01-26 18:44:13,2025-06-29 19:21:09
69,69,3,DESAPROBADO,2.41,,,2025-01-26 18:44:13,2025-06-29 19:21:09
814,14,3,APROBADO,9.69,2025-05-27 19:41:03,814,2025-01-26 18:44:13,2025-06-29 19:21:09
951,151,3,EN CURSO,,,,2025-01-26 18:44:13,2025-06-29 19:21:09
967,167,3,APROBADO,9,2025-07-06 19:35:38,967,2025-01-26 18:44:13,2025-06-29 19:21:09
113,113,30,APROBADO,9.84,2024-05-14 10:52:20,113,2024-11-22 17:10:01,2025-02-28 18:01:46
119,119,30,DESAPROBADO,4.64,,,2024-11-22 17:10:01,2025-02-28 18:01:46
140,140,30,APROBADO,6.7,2024-04-05 22:47:42,140,2024-11-22 17:10:01,2025-02-28 18:01:46
144,144,30,EN CURSO,,,,2024-11-22 17:10:01,2025-02-28 18:01:46
253,53,30,EN CURSO,,,,2024-11-22 17:10:01,2025-02-28 18:01:46
37,37,30,DESAPROBADO,2.27,,,2024-11-22 17:10:01,2025-02-28 18:01:46
457,57,30,EN CURSO,,,,2024-11-22 17:10:01,2025-02-28 18:01:46
460,60,30,EN CURSO,,,,2024-11-22 17:10:01,2025-02-28 18:01:46
496,96,30,APROBADO,9.17,2024-12-23 20:01:41,496,2024-11-22 17:10:01,2025-02-28 18:01:46
619,19,30,DESAPROBADO,3.41,,,2024-11-22 17:10:01,2025-02-28 18:01:46
656,56,30,APROBADO,6.24,2025-02-19 14:16:22,656,2024-11-22 17:10:01,2025-02-28 18:01:46
769,169,30,APROBADO,8.22,2025-05-21 22:48:15,769,2024-11-22 17:10:01,2025-02-28 18:01:46
784,184,30,DESAPROBADO,1.66,,,2024-11-22 17:10:01,2025-02-28 18:01:46
22,22,31,APROBADO,9.7,2024-04-01 15:02:39,22,2024-08-07 9:36:02,2024-10-26 10:24:40
222,22,31,DESAPROBADO,4.83,,,2024-08-07 9:36:02,2024-10-26 10:24:40
49,49,31,APROBADO,6.25,2024-02-19 11:28:02,49,2024-08-07 9:36:02,2024-10-26 10:24:40
647,47,31,DESAPROBADO,5.86,,,2024-08-07 9:36:02,2024-10-26 10:24:40
334,134,32,DESAPROBADO,1.54,,,2025-01-30 21:15:20,2025-06-14 22:14:55
46,46,32,APROBADO,6.33,2024-04-06 17:29:49,46,2025-01-30 21:15:20,2025-06-14 22:14:55
517,117,32,EN CURSO,,,,2025-01-30 21:15:20,2025-06-14 22:14:55
55,55,32,APROBADO,6.47,2024-03-31 13:08:56,55,2025-01-30 21:15:20,2025-06-14 22:14:55
636,36,32,APROBADO,7.32,2025-01-27 23:12:07,636,2025-01-30 21:15:20,2025-06-14 22:14:55
64,64,32,DESAPROBADO,1.1,,,2025-01-30 21:15:20,2025-06-14 22:14:55
735,135,32,EN CURSO,,,,2025-01-30 21:15:20,2025-06-14 22:14:55
750,150,32,APROBADO,8.52,2025-03-20 17:00:04,750,2025-01-30 21:15:20,2025-06-14 22:14:55
76,76,32,EN CURSO,,,,2025-01-30 21:15:20,2025-06-14 22:14:55
771,171,32,DESAPROBADO,1.04,,,2025-01-30 21:15:20,2025-06-14 22:14:55
807,7,32,APROBADO,6.74,2025-04-16 16:38:47,807,2025-01-30 21:15:20,2025-06-14 22:14:55
848,48,32,DESAPROBADO,3.62,,,2025-01-30 21:15:20,2025-06-14 22:14:55
856,56,32,DESAPROBADO,4.73,,,2025-01-30 21:15:20,2025-06-14 22:14:55
920,120,32,APROBADO,7.75,2025-04-07 13:17:17,920,2025-01-30 21:15:20,2025-06-14 22:14:55
971,171,32,APROBADO,9.13,2025-06-21 22:34:11,971,2025-01-30 21:15:20,2025-06-14 22:14:55
422,22,33,APROBADO,8.11,2024-11-09 14:09:14,422,2025-01-06 11:57:21,2025-04-24 12:08:44
499,99,33,APROBADO,9.9,2024-11-30 12:39:53,499,2025-01-06 11:57:21,2025-04-24 12:08:44
533,133,33,APROBADO,8.88,2024-12-17 10:18:21,533,2025-01-06 11:57:21,2025-04-24 12:08:44
822,22,33,DESAPROBADO,1.48,,,2025-01-06 11:57:21,2025-04-24 12:08:44
839,39,33,APROBADO,8.59,2025-04-16 12:54:56,839,2025-01-06 11:57:21,2025-04-24 12:08:44
840,40,33,EN CURSO,,,,2025-01-06 11:57:21,2025-04-24 12:08:44
947,147,33,APROBADO,8.9,2025-05-03 12:50:05,947,2025-01-06 11:57:21,2025-04-24 12:08:44
147,147,34,APROBADO,8.37,2024-05-26 13:34:21,147,2025-02-27 20:08:13,2025-06-09 20:09:15
165,165,34,EN CURSO,,,,2025-02-27 20:08:13,2025-06-09 20:09:15
256,56,34,EN CURSO,,,,2025-02-27 20:08:13,2025-06-09 20:09:15
327,127,34,APROBADO,6.21,2024-09-11 20:56:20,327,2025-02-27 20:08:13,2025-06-09 20:09:15
57,57,34,DESAPROBADO,1.23,,,2025-02-27 20:08:13,2025-06-09 20:09:15
70,70,34,APROBADO,6.02,2024-04-08 12:32:48,70,2025-02-27 20:08:13,2025-06-09 20:09:15
876,76,34,APROBADO,9.93,2025-03-18 16:44:24,876,2025-02-27 20:08:13,2025-06-09 20:09:15
969,169,34,APROBADO,8.48,2025-07-01 22:05:20,969,2025-02-27 20:08:13,2025-06-09 20:09:15
999,199,34,APROBADO,9.36,2025-06-19 21:06:33,999,2025-02-27 20:08:13,2025-06-09 20:09:15
170,170,35,DESAPROBADO,2.58,,,2024-12-25 19:58:00,2025-03-27 20:48:51
21,21,35,APROBADO,9.13,2024-03-11 12:02:56,21,2024-12-25 19:58:00,2025-03-27 20:48:51
281,81,35,EN CURSO,,,,2024-12-25 19:58:00,2025-03-27 20:48:51
487,87,35,DESAPROBADO,3.17,,,2024-12-25 19:58:00,2025-03-27 20:48:51
805,5,35,EN CURSO,,,,2024-12-25 19:58:00,2025-03-27 20:48:51
846,46,35,APROBADO,8.45,2025-03-17 10:27:32,846,2024-12-25 19:58:00,2025-03-27 20:48:51
874,74,35,APROBADO,8.72,2025-05-10 12:19:20,874,2024-12-25 19:58:00,2025-03-27 20:48:51
879,79,35,DESAPROBADO,1.49,,,2024-12-25 19:58:00,2025-03-27 20:48:51
90,90,35,APROBADO,6.57,2024-05-09 11:48:58,90,2024-12-25 19:58:00,2025-03-27 20:48:51
917,117,35,APROBADO,7.13,2025-04-03 20:55:32,917,2024-12-25 19:58:00,2025-03-27 20:48:51
136,136,36,APROBADO,9.84,2024-05-23 23:00:21,136,2024-12-30 16:39:09,2025-02-25 17:37:42
267,67,36,APROBADO,8.4,2024-05-23 16:16:21,267,2024-12-30 16:39:09,2025-02-25 17:37:42
411,11,36,DESAPROBADO,4.42,,,2024-12-30 16:39:09,2025-02-25 17:37:42
423,23,36,EN CURSO,,,,2024-12-30 16:39:09,2025-02-25 17:37:42
602,2,36,APROBADO,9.02,2024-11-02 11:23:16,602,2024-12-30 16:39:09,2025-02-25 17:37:42
808,8,36,APROBADO,9.8,2025-03-28 16:59:47,808,2024-12-30 16:39:09,2025-02-25 17:37:42
811,11,36,APROBADO,8.23,2025-04-04 9:05:49,811,2024-12-30 16:39:09,2025-02-25 17:37:42
816,16,36,APROBADO,6.32,2025-06-06 21:52:34,816,2024-12-30 16:39:09,2025-02-25 17:37:42
831,31,36,EN CURSO,,,,2024-12-30 16:39:09,2025-02-25 17:37:42
937,137,36,DESAPROBADO,5.83,,,2024-12-30 16:39:09,2025-02-25 17:37:42
2,2,37,DESAPROBADO,3.47,,,2025-01-20 16:09:24,2025-05-13 16:54:55
287,87,37,EN CURSO,,,,2025-01-20 16:09:24,2025-05-13 16:54:55
291,91,37,APROBADO,8.52,2024-06-06 14:35:42,291,2025-01-20 16:09:24,2025-05-13 16:54:55
378,178,37,DESAPROBADO,4.5,,,2025-01-20 16:09:24,2025-05-13 16:54:55
571,171,37,EN CURSO,,,,2025-01-20 16:09:24,2025-05-13 16:54:55
728,128,37,APROBADO,7.43,2025-05-12 20:06:43,728,2025-01-20 16:09:24,2025-05-13 16:54:55
802,2,37,APROBADO,8.06,2025-05-08 16:08:18,802,2025-01-20 16:09:24,2025-05-13 16:54:55
961,161,37,APROBADO,9.71,2025-05-18 17:22:49,961,2025-01-20 16:09:24,2025-05-13 16:54:55
103,103,38,DESAPROBADO,1.59,,,2024-12-31 18:25:56,
17,17,38,APROBADO,7.93,2024-03-08 11:40:09,17,2024-12-31 18:25:56,
200,200,38,EN CURSO,,,,2024-12-31 18:25:56,
500,100,38,APROBADO,9.44,2024-12-02 19:46:56,500,2024-12-31 18:25:56,
644,44,38,APROBADO,9.55,2024-11-13 10:55:22,644,2024-12-31 18:25:56,
706,106,38,APROBADO,6.71,2025-03-26 9:23:02,706,2024-12-31 18:25:56,
792,192,38,EN CURSO,,,,2024-12-31 18:25:56,
940,140,38,EN CURSO,,,,2024-12-31 18:25:56,
286,86,39,APROBADO,7.58,2024-08-01 19:26:38,286,2024-12-22 21:42:05,2025-05-10 22:36:58
3,3,39,APROBADO,6.32,2024-04-13 21:16:39,3,2024-12-22 21:42:05,2025-05-10 22:36:58
395,195,39,DESAPROBADO,3.05,,,2024-12-22 21:42:05,2025-05-10 22:36:58
474,74,39,APROBADO,9.64,2024-10-25 17:31:33,474,2024-12-22 21:42:05,2025-05-10 22:36:58
587,187,39,DESAPROBADO,1.25,,,2024-12-22 21:42:05,2025-05-10 22:36:58
628,28,39,APROBADO,6.78,2024-12-16 22:20:17,628,2024-12-22 21:42:05,2025-05-10 22:36:58
666,66,39,DESAPROBADO,4.37,,,2024-12-22 21:42:05,2025-05-10 22:36:58
78,78,39,APROBADO,9.65,2024-04-28 13:55:38,78,2024-12-22 21:42:05,2025-05-10 22:36:58
905,105,39,APROBADO,9.74,2025-05-16 23:20:42,905,2024-12-22 21:42:05,2025-05-10 22:36:58
152,152,4,APROBADO,9.04,2024-06-04 18:58:18,152,2025-02-01 10:53:38,2025-05-22 11:39:47
242,42,4,APROBADO,8.51,2024-05-20 12:28:43,242,2025-02-01 10:53:38,2025-05-22 11:39:47
394,194,4,APROBADO,6.91,2024-11-05 21:57:51,394,2025-02-01 10:53:38,2025-05-22 11:39:47
41,41,4,APROBADO,8.78,2024-03-23 11:37:52,41,2025-02-01 10:53:38,2025-05-22 11:39:47
446,46,4,APROBADO,6.83,2024-12-08 14:04:30,446,2025-02-01 10:53:38,2025-05-22 11:39:47
468,68,4,DESAPROBADO,1.97,,,2025-02-01 10:53:38,2025-05-22 11:39:47
841,41,4,APROBADO,9.29,2025-04-16 18:30:43,841,2025-02-01 10:53:38,2025-05-22 11:39:47
970,170,4,DESAPROBADO,5.8,,,2025-02-01 10:53:38,2025-05-22 11:39:47
973,173,4,APROBADO,9.43,2025-05-26 12:13:11,973,2025-02-01 10:53:38,2025-05-22 11:39:47
174,174,40,APROBADO,8.45,2024-05-04 12:12:46,174,2024-12-12 12:57:15,
355,155,40,EN CURSO,,,,2024-12-12 12:57:15,
430,30,40,APROBADO,8.44,2024-10-03 13:59:42,430,2024-12-12 12:57:15,
439,39,40,APROBADO,7.57,2024-12-13 10:50:50,439,2024-12-12 12:57:15,
450,50,40,DESAPROBADO,4.38,,,2024-12-12 12:57:15,
490,90,40,APROBADO,8,2024-10-04 13:56:56,490,2024-12-12 12:57:15,
658,58,40,APROBADO,6.76,2024-12-19 12:07:25,658,2024-12-12 12:57:15,
660,60,40,DESAPROBADO,5.27,,,2024-12-12 12:57:15,
708,108,40,APROBADO,8.19,2025-02-11 18:19:23,708,2024-12-12 12:57:15,
713,113,40,APROBADO,6.12,2025-05-02 21:01:03,713,2024-12-12 12:57:15,
864,64,40,EN CURSO,,,,2024-12-12 12:57:15,
138,138,41,APROBADO,9.87,2024-03-30 12:42:08,138,2024-12-25 18:49:51,2025-05-14 19:20:59
19,19,41,APROBADO,8.26,2024-04-28 20:38:12,19,2024-12-25 18:49:51,2025-05-14 19:20:59
266,66,41,APROBADO,6.32,2024-06-03 12:56:28,266,2024-12-25 18:49:51,2025-05-14 19:20:59
28,28,41,EN CURSO,,,,2024-12-25 18:49:51,2025-05-14 19:20:59
333,133,41,APROBADO,7.27,2024-08-13 9:27:53,333,2024-12-25 18:49:51,2025-05-14 19:20:59
54,54,41,APROBADO,7.56,2024-03-07 13:22:31,54,2024-12-25 18:49:51,2025-05-14 19:20:59
595,195,41,APROBADO,7.04,2024-11-03 14:37:56,595,2024-12-25 18:49:51,2025-05-14 19:20:59
605,5,41,DESAPROBADO,1.22,,,2024-12-25 18:49:51,2025-05-14 19:20:59
692,92,41,APROBADO,6.87,2025-02-06 22:17:26,692,2024-12-25 18:49:51,2025-05-14 19:20:59
791,191,41,APROBADO,8.07,2025-04-11 12:11:09,791,2024-12-25 18:49:51,2025-05-14 19:20:59
865,65,41,EN CURSO,,,,2024-12-25 18:49:51,2025-05-14 19:20:59
897,97,41,APROBADO,7.86,2025-06-13 20:25:08,897,2024-12-25 18:49:51,2025-05-14 19:20:59
916,116,41,APROBADO,6.65,2025-05-23 19:49:38,916,2024-12-25 18:49:51,2025-05-14 19:20:59
116,116,42,EN CURSO,,,,2024-12-24 16:07:15,2025-06-01 16:44:25
329,129,42,DESAPROBADO,5.76,,,2024-12-24 16:07:15,2025-06-01 16:44:25
513,113,42,DESAPROBADO,1.37,,,2024-12-24 16:07:15,2025-06-01 16:44:25
63,63,42,APROBADO,8.98,2024-03-18 15:39:57,63,2024-12-24 16:07:15,2025-06-01 16:44:25
695,95,42,APROBADO,7.76,2025-02-27 13:38:33,695,2024-12-24 16:07:15,2025-06-01 16:44:25
781,181,42,APROBADO,7.09,2025-05-04 21:29:50,781,2024-12-24 16:07:15,2025-06-01 16:44:25
913,113,42,APROBADO,6.32,2025-06-04 17:08:14,913,2024-12-24 16:07:15,2025-06-01 16:44:25
218,18,43,DESAPROBADO,5.25,,,2025-02-16 11:30:51,
284,84,43,EN CURSO,,,,2025-02-16 11:30:51,
31,31,43,DESAPROBADO,5.02,,,2025-02-16 11:30:51,
349,149,43,APROBADO,6.35,2024-09-27 17:11:56,349,2025-02-16 11:30:51,
390,190,43,EN CURSO,,,,2025-02-16 11:30:51,
532,132,43,APROBADO,7.77,2024-11-25 22:58:49,532,2025-02-16 11:30:51,
576,176,43,APROBADO,7.29,2024-11-30 20:02:42,576,2025-02-16 11:30:51,
630,30,43,EN CURSO,,,,2025-02-16 11:30:51,
729,129,43,EN CURSO,,,,2025-02-16 11:30:51,
732,132,43,DESAPROBADO,1.39,,,2025-02-16 11:30:51,
759,159,43,APROBADO,6.64,2025-03-12 14:33:37,759,2025-02-16 11:30:51,
796,196,43,DESAPROBADO,2.7,,,2025-02-16 11:30:51,
800,200,43,DESAPROBADO,4.64,,,2025-02-16 11:30:51,
863,63,43,APROBADO,9.58,2025-05-26 10:47:47,863,2025-02-16 11:30:51,
89,89,43,APROBADO,8.96,2024-05-03 8:24:59,89,2025-02-16 11:30:51,
988,188,43,EN CURSO,,,,2025-02-16 11:30:51,
213,13,44,APROBADO,6.99,2024-05-09 13:38:26,213,2024-12-22 8:36:51,2025-03-23 9:34:06
42,42,44,APROBADO,6.54,2024-03-25 15:52:08,42,2024-12-22 8:36:51,2025-03-23 9:34:06
44,44,44,EN CURSO,,,,2024-12-22 8:36:51,2025-03-23 9:34:06
493,93,44,DESAPROBADO,4.34,,,2024-12-22 8:36:51,2025-03-23 9:34:06
523,123,44,EN CURSO,,,,2024-12-22 8:36:51,2025-03-23 9:34:06
546,146,44,DESAPROBADO,2.86,,,2024-12-22 8:36:51,2025-03-23 9:34:06
552,152,44,DESAPROBADO,2.07,,,2024-12-22 8:36:51,2025-03-23 9:34:06
573,173,44,APROBADO,7.4,2024-10-27 9:32:12,573,2024-12-22 8:36:51,2025-03-23 9:34:06
586,186,44,APROBADO,9.38,2025-01-12 15:58:54,586,2024-12-22 8:36:51,2025-03-23 9:34:06
640,40,44,APROBADO,9.86,2025-01-24 17:45:53,640,2024-12-22 8:36:51,2025-03-23 9:34:06
650,50,44,APROBADO,9.63,2024-11-26 15:28:01,650,2024-12-22 8:36:51,2025-03-23 9:34:06
844,44,44,APROBADO,7.73,2025-04-21 16:24:27,844,2024-12-22 8:36:51,2025-03-23 9:34:06
853,53,44,EN CURSO,,,,2024-12-22 8:36:51,2025-03-23 9:34:06
860,60,44,DESAPROBADO,1.94,,,2024-12-22 8:36:51,2025-03-23 9:34:06
902,102,44,APROBADO,7.17,2025-03-28 10:26:47,902,2024-12-22 8:36:51,2025-03-23 9:34:06
10,10,45,APROBADO,7.81,2024-03-23 15:31:27,10,2024-12-25 14:27:17,2025-04-20 14:36:26
238,38,45,EN CURSO,,,,2024-12-25 14:27:17,2025-04-20 14:36:26
239,39,45,APROBADO,8.95,2024-05-22 15:03:55,239,2024-12-25 14:27:17,2025-04-20 14:36:26
315,115,45,EN CURSO,,,,2024-12-25 14:27:17,2025-04-20 14:36:26
344,144,45,APROBADO,7.43,2024-07-20 13:46:08,344,2024-12-25 14:27:17,2025-04-20 14:36:26
622,22,45,APROBADO,9.08,2025-01-15 11:58:30,622,2024-12-25 14:27:17,2025-04-20 14:36:26
643,43,45,APROBADO,9.4,2024-12-20 17:31:24,643,2024-12-25 14:27:17,2025-04-20 14:36:26
693,93,45,EN CURSO,,,,2024-12-25 14:27:17,2025-04-20 14:36:26
782,182,45,APROBADO,7.63,2025-04-16 12:05:46,782,2024-12-25 14:27:17,2025-04-20 14:36:26
914,114,45,APROBADO,6.85,2025-04-25 15:19:48,914,2024-12-25 14:27:17,2025-04-20 14:36:26
195,195,46,APROBADO,9.91,2024-04-12 20:24:54,195,2025-01-12 8:50:29,2025-05-24 9:43:09
231,31,46,APROBADO,6.3,2024-04-28 22:35:25,231,2025-01-12 8:50:29,2025-05-24 9:43:09
269,69,46,DESAPROBADO,3.66,,,2025-01-12 8:50:29,2025-05-24 9:43:09
410,10,46,DESAPROBADO,5.09,,,2025-01-12 8:50:29,2025-05-24 9:43:09
427,27,46,APROBADO,6.72,2024-09-28 17:11:36,427,2025-01-12 8:50:29,2025-05-24 9:43:09
543,143,46,EN CURSO,,,,2025-01-12 8:50:29,2025-05-24 9:43:09
609,9,46,EN CURSO,,,,2025-01-12 8:50:29,2025-05-24 9:43:09
746,146,46,EN CURSO,,,,2025-01-12 8:50:29,2025-05-24 9:43:09
776,176,46,APROBADO,7.12,2025-03-14 19:11:07,776,2025-01-12 8:50:29,2025-05-24 9:43:09
828,28,46,APROBADO,9.05,2025-03-21 20:04:42,828,2025-01-12 8:50:29,2025-05-24 9:43:09
852,52,46,EN CURSO,,,,2025-01-12 8:50:29,2025-05-24 9:43:09
862,62,46,APROBADO,8.6,2025-05-13 9:08:50,862,2025-01-12 8:50:29,2025-05-24 9:43:09
907,107,46,DESAPROBADO,3.21,,,2025-01-12 8:50:29,2025-05-24 9:43:09
953,153,46,APROBADO,7.81,2025-05-30 10:25:33,953,2025-01-12 8:50:29,2025-05-24 9:43:09
114,114,47,APROBADO,9.75,2024-03-12 16:21:46,114,2024-12-03 16:36:49,
225,25,47,APROBADO,8.56,2024-06-03 13:40:29,225,2024-12-03 16:36:49,
252,52,47,DESAPROBADO,3.9,,,2024-12-03 16:36:49,
351,151,47,APROBADO,9.31,2024-09-17 10:50:22,351,2024-12-03 16:36:49,
467,67,47,APROBADO,9.82,2024-11-26 17:21:46,467,2024-12-03 16:36:49,
485,85,47,EN CURSO,,,,2024-12-03 16:36:49,
520,120,47,APROBADO,8.24,2024-10-22 19:44:46,520,2024-12-03 16:36:49,
569,169,47,EN CURSO,,,,2024-12-03 16:36:49,
698,98,47,DESAPROBADO,1.29,,,2024-12-03 16:36:49,
716,116,47,APROBADO,8.77,2025-05-06 16:37:24,716,2024-12-03 16:36:49,
827,27,47,EN CURSO,,,,2024-12-03 16:36:49,
110,110,48,DESAPROBADO,4.1,,,2025-01-25 10:12:48,2025-05-12 11:05:09
13,13,48,EN CURSO,,,,2025-01-25 10:12:48,2025-05-12 11:05:09
180,180,48,APROBADO,6.28,2024-05-03 21:14:34,180,2025-01-25 10:12:48,2025-05-12 11:05:09
316,116,48,EN CURSO,,,,2025-01-25 10:12:48,2025-05-12 11:05:09
367,167,48,DESAPROBADO,5.06,,,2025-01-25 10:12:48,2025-05-12 11:05:09
387,187,48,APROBADO,6.74,2024-09-07 20:08:30,387,2025-01-25 10:12:48,2025-05-12 11:05:09
561,161,48,EN CURSO,,,,2025-01-25 10:12:48,2025-05-12 11:05:09
579,179,48,DESAPROBADO,2.94,,,2025-01-25 10:12:48,2025-05-12 11:05:09
632,32,48,APROBADO,7.37,2025-01-18 22:20:01,632,2025-01-25 10:12:48,2025-05-12 11:05:09
642,42,48,DESAPROBADO,3.64,,,2025-01-25 10:12:48,2025-05-12 11:05:09
645,45,48,EN CURSO,,,,2025-01-25 10:12:48,2025-05-12 11:05:09
659,59,48,DESAPROBADO,4.4,,,2025-01-25 10:12:48,2025-05-12 11:05:09
690,90,48,APROBADO,8.71,2024-12-27 15:22:19,690,2025-01-25 10:12:48,2025-05-12 11:05:09
753,153,48,EN CURSO,,,,2025-01-25 10:12:48,2025-05-12 11:05:09
774,174,48,APROBADO,9.24,2025-05-18 8:40:45,774,2025-01-25 10:12:48,2025-05-12 11:05:09
857,57,48,APROBADO,8.62,2025-06-01 16:53:29,857,2025-01-25 10:12:48,2025-05-12 11:05:09
966,166,48,DESAPROBADO,1.16,,,2025-01-25 10:12:48,2025-05-12 11:05:09
135,135,49,EN CURSO,,,,2025-01-27 12:28:10,
379,179,49,DESAPROBADO,4.53,,,2025-01-27 12:28:10,
466,66,49,EN CURSO,,,,2025-01-27 12:28:10,
472,72,49,EN CURSO,,,,2025-01-27 12:28:10,
497,97,49,EN CURSO,,,,2025-01-27 12:28:10,
544,144,49,EN CURSO,,,,2025-01-27 12:28:10,
662,62,49,APROBADO,8.55,2025-02-06 15:58:47,662,2025-01-27 12:28:10,
676,76,49,APROBADO,7.72,2025-03-04 19:41:14,676,2025-01-27 12:28:10,
700,100,49,APROBADO,6.04,2025-03-04 15:13:27,700,2025-01-27 12:28:10,
829,29,49,EN CURSO,,,,2025-01-27 12:28:10,
968,168,49,EN CURSO,,,,2025-01-27 12:28:10,
209,9,5,APROBADO,8.06,2024-05-27 13:04:14,209,2025-02-15 9:16:57,2025-05-20 9:45:03
241,41,5,EN CURSO,,,,2025-02-15 9:16:57,2025-05-20 9:45:03
280,80,5,APROBADO,6.35,2024-06-16 10:32:33,280,2025-02-15 9:16:57,2025-05-20 9:45:03
303,103,5,APROBADO,7.16,2024-06-08 20:01:28,303,2025-02-15 9:16:57,2025-05-20 9:45:03
409,9,5,DESAPROBADO,2.11,,,2025-02-15 9:16:57,2025-05-20 9:45:03
529,129,5,APROBADO,7.87,2024-10-16 13:16:02,529,2025-02-15 9:16:57,2025-05-20 9:45:03
534,134,5,EN CURSO,,,,2025-02-15 9:16:57,2025-05-20 9:45:03
67,67,5,DESAPROBADO,3.6,,,2025-02-15 9:16:57,2025-05-20 9:45:03
861,61,5,APROBADO,8.1,2025-03-23 22:38:28,861,2025-02-15 9:16:57,2025-05-20 9:45:03
964,164,5,EN CURSO,,,,2025-02-15 9:16:57,2025-05-20 9:45:03
987,187,5,APROBADO,7.08,2025-05-29 10:29:36,987,2025-02-15 9:16:57,2025-05-20 9:45:03
132,132,50,EN CURSO,,,,2025-02-18 13:06:13,2025-05-02 13:11:51
211,11,50,APROBADO,8.76,2024-03-29 18:32:16,211,2025-02-18 13:06:13,2025-05-02 13:11:51
29,29,50,APROBADO,6.8,2024-03-30 9:27:51,29,2025-02-18 13:06:13,2025-05-02 13:11:51
413,13,50,APROBADO,9.67,2024-11-01 10:14:15,413,2025-02-18 13:06:13,2025-05-02 13:11:51
432,32,50,APROBADO,7.57,2024-10-05 19:39:26,432,2025-02-18 13:06:13,2025-05-02 13:11:51
456,56,50,APROBADO,9.46,2024-10-11 23:01:23,456,2025-02-18 13:06:13,2025-05-02 13:11:51
613,13,50,APROBADO,7.49,2024-12-31 9:09:16,613,2025-02-18 13:06:13,2025-05-02 13:11:51
68,68,50,DESAPROBADO,3.52,,,2025-02-18 13:06:13,2025-05-02 13:11:51
718,118,50,APROBADO,7.03,2025-03-21 13:52:10,718,2025-02-18 13:06:13,2025-05-02 13:11:51
778,178,50,DESAPROBADO,3.8,,,2025-02-18 13:06:13,2025-05-02 13:11:51
990,190,50,DESAPROBADO,2.04,,,2025-02-18 13:06:13,2025-05-02 13:11:51
307,107,51,APROBADO,9.64,2024-07-17 20:10:15,307,2025-02-02 12:48:37,2025-05-31 13:27:24
318,118,51,EN CURSO,,,,2025-02-02 12:48:37,2025-05-31 13:27:24
359,159,51,APROBADO,8.13,2024-09-04 14:21:44,359,2025-02-02 12:48:37,2025-05-31 13:27:24
372,172,51,APROBADO,6.8,2024-10-15 11:26:07,372,2025-02-02 12:48:37,2025-05-31 13:27:24
462,62,51,APROBADO,8.51,2024-09-22 17:45:23,462,2025-02-02 12:48:37,2025-05-31 13:27:24
566,166,51,APROBADO,6.2,2024-12-22 17:16:28,566,2025-02-02 12:48:37,2025-05-31 13:27:24
65,65,51,APROBADO,9.29,2024-03-25 13:03:33,65,2025-02-02 12:48:37,2025-05-31 13:27:24
82,82,51,APROBADO,6.26,2024-03-23 8:31:33,82,2025-02-02 12:48:37,2025-05-31 13:27:24
881,81,51,DESAPROBADO,2.08,,,2025-02-02 12:48:37,2025-05-31 13:27:24
959,159,51,APROBADO,6.33,2025-06-24 16:44:53,959,2025-02-02 12:48:37,2025-05-31 13:27:24
974,174,51,DESAPROBADO,3.06,,,2025-02-02 12:48:37,2025-05-31 13:27:24
255,55,52,DESAPROBADO,2.83,,,2025-02-03 11:24:25,
302,102,52,APROBADO,8.58,2024-06-25 21:51:33,302,2025-02-03 11:24:25,
337,137,52,DESAPROBADO,2.71,,,2025-02-03 11:24:25,
723,123,52,APROBADO,9.2,2025-04-05 15:37:27,723,2025-02-03 11:24:25,
80,80,52,APROBADO,6.08,2024-03-04 22:20:43,80,2025-02-03 11:24:25,
94,94,52,EN CURSO,,,,2025-02-03 11:24:25,
975,175,52,EN CURSO,,,,2025-02-03 11:24:25,
247,47,53,EN CURSO,,,,2024-09-15 12:59:49,2025-02-09 13:21:23
357,157,53,DESAPROBADO,5.75,,,2024-09-15 12:59:49,2025-02-09 13:21:23
528,128,53,APROBADO,9.62,2024-10-06 17:12:23,528,2024-09-15 12:59:49,2025-02-09 13:21:23
686,86,53,APROBADO,6.44,2025-02-15 13:56:36,686,2024-09-15 12:59:49,2025-02-09 13:21:23
224,24,54,EN CURSO,,,,2024-12-21 19:10:26,
297,97,54,DESAPROBADO,3.62,,,2024-12-21 19:10:26,
415,15,54,APROBADO,8.15,2024-10-18 15:09:06,415,2024-12-21 19:10:26,
428,28,54,APROBADO,8.32,2024-10-29 18:25:07,428,2024-12-21 19:10:26,
489,89,54,EN CURSO,,,,2024-12-21 19:10:26,
565,165,54,APROBADO,7.17,2024-11-27 10:25:10,565,2024-12-21 19:10:26,
580,180,54,EN CURSO,,,,2024-12-21 19:10:26,
631,31,54,DESAPROBADO,4.78,,,2024-12-21 19:10:26,
72,72,54,DESAPROBADO,2.16,,,2024-12-21 19:10:26,
742,142,54,APROBADO,7.97,2025-03-29 15:50:44,742,2024-12-21 19:10:26,
748,148,54,EN CURSO,,,,2024-12-21 19:10:26,
764,164,54,APROBADO,7.23,2025-05-14 17:36:32,764,2024-12-21 19:10:26,
775,175,54,APROBADO,7.26,2025-04-05 17:30:50,775,2024-12-21 19:10:26,
901,101,54,EN CURSO,,,,2024-12-21 19:10:26,
191,191,55,APROBADO,9.41,2024-05-28 22:15:55,191,2024-12-18 15:31:20,2025-02-19 16:09:21
228,28,55,EN CURSO,,,,2024-12-18 15:31:20,2025-02-19 16:09:21
248,48,55,APROBADO,8.99,2024-06-25 13:39:59,248,2024-12-18 15:31:20,2025-02-19 16:09:21
363,163,55,EN CURSO,,,,2024-12-18 15:31:20,2025-02-19 16:09:21
380,180,55,APROBADO,9.14,2024-10-11 10:15:41,380,2024-12-18 15:31:20,2025-02-19 16:09:21
458,58,55,APROBADO,6.99,2024-10-26 14:28:04,458,2024-12-18 15:31:20,2025-02-19 16:09:21
71,71,55,APROBADO,9.14,2024-04-28 17:08:50,71,2024-12-18 15:31:20,2025-02-19 16:09:21
714,114,55,APROBADO,6.99,2025-02-09 10:51:18,714,2024-12-18 15:31:20,2025-02-19 16:09:21
889,89,55,DESAPROBADO,4.38,,,2024-12-18 15:31:20,2025-02-19 16:09:21
342,142,56,DESAPROBADO,3.73,,,2025-02-05 9:44:22,
360,160,56,APROBADO,7.18,2024-10-24 13:45:20,360,2025-02-05 9:44:22,
56,56,56,EN CURSO,,,,2025-02-05 9:44:22,
653,53,56,EN CURSO,,,,2025-02-05 9:44:22,
963,163,56,APROBADO,8.28,2025-06-02 12:10:13,963,2025-02-05 9:44:22,
977,177,56,EN CURSO,,,,2025-02-05 9:44:22,
105,105,57,APROBADO,7.67,2024-04-25 11:14:16,105,2024-12-22 12:08:37,2025-06-08 12:24:23
440,40,57,APROBADO,8.04,2024-11-14 18:21:47,440,2024-12-22 12:08:37,2025-06-08 12:24:23
625,25,57,APROBADO,8.7,2024-12-19 9:58:06,625,2024-12-22 12:08:37,2025-06-08 12:24:23
701,101,57,APROBADO,6.2,2025-04-04 22:42:36,701,2024-12-22 12:08:37,2025-06-08 12:24:23
744,144,57,APROBADO,7.82,2025-02-25 20:45:03,744,2024-12-22 12:08:37,2025-06-08 12:24:23
795,195,57,DESAPROBADO,2.65,,,2024-12-22 12:08:37,2025-06-08 12:24:23
903,103,57,APROBADO,6.22,2025-06-13 12:30:42,903,2024-12-22 12:08:37,2025-06-08 12:24:23
95,95,57,APROBADO,8.3,2024-05-04 16:02:52,95,2024-12-22 12:08:37,2025-06-08 12:24:23
120,120,58,APROBADO,7.25,2024-05-16 20:23:08,120,2025-02-12 12:24:06,
16,16,58,APROBADO,7.05,2024-03-16 20:05:38,16,2025-02-12 12:24:06,
361,161,58,APROBADO,8.86,2024-11-01 22:11:52,361,2025-02-12 12:24:06,
479,79,58,APROBADO,9.76,2024-10-16 21:07:53,479,2025-02-12 12:24:06,
51,51,58,EN CURSO,,,,2025-02-12 12:24:06,
519,119,58,EN CURSO,,,,2025-02-12 12:24:06,
52,52,58,APROBADO,9.38,2024-04-08 22:21:22,52,2025-02-12 12:24:06,
535,135,58,APROBADO,8.7,2024-12-03 12:22:29,535,2025-02-12 12:24:06,
612,12,58,DESAPROBADO,1.83,,,2025-02-12 12:24:06,
984,184,58,EN CURSO,,,,2025-02-12 12:24:06,
343,143,59,DESAPROBADO,1.23,,,2024-11-07 18:20:15,2025-03-10 18:47:31
399,199,59,EN CURSO,,,,2024-11-07 18:20:15,2025-03-10 18:47:31
473,73,59,APROBADO,7.26,2024-11-25 10:19:35,473,2024-11-07 18:20:15,2025-03-10 18:47:31
505,105,59,APROBADO,7.34,2024-11-26 10:44:32,505,2024-11-07 18:20:15,2025-03-10 18:47:31
557,157,59,DESAPROBADO,4.25,,,2024-11-07 18:20:15,2025-03-10 18:47:31
564,164,59,DESAPROBADO,2.72,,,2024-11-07 18:20:15,2025-03-10 18:47:31
600,200,59,DESAPROBADO,2.04,,,2024-11-07 18:20:15,2025-03-10 18:47:31
717,117,59,EN CURSO,,,,2024-11-07 18:20:15,2025-03-10 18:47:31
725,125,59,APROBADO,9.04,2025-03-13 19:34:56,725,2024-11-07 18:20:15,2025-03-10 18:47:31
84,84,59,APROBADO,9.16,2024-03-20 18:45:16,84,2024-11-07 18:20:15,2025-03-10 18:47:31
220,20,6,APROBADO,6.82,2024-06-06 20:05:57,220,2025-02-24 16:56:22,2025-07-01 17:18:19
234,34,6,EN CURSO,,,,2025-02-24 16:56:22,2025-07-01 17:18:19
397,197,6,EN CURSO,,,,2025-02-24 16:56:22,2025-07-01 17:18:19
435,35,6,APROBADO,10,2024-10-22 15:07:50,435,2025-02-24 16:56:22,2025-07-01 17:18:19
47,47,6,APROBADO,7.79,2024-02-16 20:50:55,47,2025-02-24 16:56:22,2025-07-01 17:18:19
488,88,6,APROBADO,8.65,2024-12-25 21:10:18,488,2025-02-24 16:56:22,2025-07-01 17:18:19
578,178,6,APROBADO,7.63,2025-01-10 16:12:21,578,2025-02-24 16:56:22,2025-07-01 17:18:19
617,17,6,APROBADO,6.83,2025-01-09 11:14:41,617,2025-02-24 16:56:22,2025-07-01 17:18:19
899,99,6,APROBADO,9.62,2025-05-11 15:00:16,899,2025-02-24 16:56:22,2025-07-01 17:18:19
934,134,6,DESAPROBADO,2.93,,,2025-02-24 16:56:22,2025-07-01 17:18:19
941,141,6,EN CURSO,,,,2025-02-24 16:56:22,2025-07-01 17:18:19
996,196,6,APROBADO,6.5,2025-07-04 18:12:54,996,2025-02-24 16:56:22,2025-07-01 17:18:19
186,186,60,APROBADO,9.61,2024-05-17 9:33:31,186,2025-01-15 21:26:14,2025-04-28 21:57:58
289,89,60,EN CURSO,,,,2025-01-15 21:26:14,2025-04-28 21:57:58
312,112,60,EN CURSO,,,,2025-01-15 21:26:14,2025-04-28 21:57:58
433,33,60,DESAPROBADO,1.25,,,2025-01-15 21:26:14,2025-04-28 21:57:58
459,59,60,APROBADO,7.05,2024-09-20 17:26:16,459,2025-01-15 21:26:14,2025-04-28 21:57:58
504,104,60,APROBADO,7.64,2024-12-25 22:45:00,504,2025-01-15 21:26:14,2025-04-28 21:57:58
866,66,60,APROBADO,6.06,2025-05-26 10:58:03,866,2025-01-15 21:26:14,2025-04-28 21:57:58
877,77,60,APROBADO,9.81,2025-03-20 19:30:03,877,2025-01-15 21:26:14,2025-04-28 21:57:58
943,143,60,APROBADO,6.9,2025-04-16 13:16:40,943,2025-01-15 21:26:14,2025-04-28 21:57:58
956,156,60,APROBADO,8.02,2025-05-01 22:42:45,956,2025-01-15 21:26:14,2025-04-28 21:57:58
137,137,61,EN CURSO,,,,2025-01-19 13:53:40,
162,162,61,DESAPROBADO,4.6,,,2025-01-19 13:53:40,
168,168,61,EN CURSO,,,,2025-01-19 13:53:40,
30,30,61,DESAPROBADO,3.92,,,2025-01-19 13:53:40,
382,182,61,APROBADO,6.43,2024-11-17 10:25:29,382,2025-01-19 13:53:40,
471,71,61,APROBADO,7.65,2024-09-28 12:27:58,471,2025-01-19 13:53:40,
498,98,61,EN CURSO,,,,2025-01-19 13:53:40,
691,91,61,EN CURSO,,,,2025-01-19 13:53:40,
79,79,61,APROBADO,6.77,2024-03-10 21:40:44,79,2025-01-19 13:53:40,
825,25,61,APROBADO,8.73,2025-05-01 16:05:14,825,2025-01-19 13:53:40,
836,36,61,EN CURSO,,,,2025-01-19 13:53:40,
849,49,61,DESAPROBADO,1.4,,,2025-01-19 13:53:40,
885,85,61,APROBADO,6.01,2025-05-14 22:25:24,885,2025-01-19 13:53:40,
960,160,61,EN CURSO,,,,2025-01-19 13:53:40,
133,133,62,DESAPROBADO,1.75,,,2025-01-07 21:59:01,
153,153,62,EN CURSO,,,,2025-01-07 21:59:01,
179,179,62,EN CURSO,,,,2025-01-07 21:59:01,
340,140,62,DESAPROBADO,5.66,,,2025-01-07 21:59:01,
464,64,62,APROBADO,9.55,2024-12-15 22:07:15,464,2025-01-07 21:59:01,
516,116,62,DESAPROBADO,1.49,,,2025-01-07 21:59:01,
639,39,62,EN CURSO,,,,2025-01-07 21:59:01,
669,69,62,APROBADO,6.02,2025-01-22 10:11:57,669,2025-01-07 21:59:01,
672,72,62,EN CURSO,,,,2025-01-07 21:59:01,
751,151,62,EN CURSO,,,,2025-01-07 21:59:01,
799,199,62,APROBADO,7.65,2025-05-10 16:01:41,799,2025-01-07 21:59:01,
855,55,62,APROBADO,8.65,2025-04-30 15:42:55,855,2025-01-07 21:59:01,
904,104,62,APROBADO,8.66,2025-05-05 19:12:58,904,2025-01-07 21:59:01,
948,148,62,EN CURSO,,,,2025-01-07 21:59:01,
352,152,63,EN CURSO,,,,2024-11-15 13:42:28,
559,159,63,EN CURSO,,,,2024-11-15 13:42:28,
584,184,63,DESAPROBADO,3.21,,,2024-11-15 13:42:28,
755,155,63,EN CURSO,,,,2024-11-15 13:42:28,
172,172,64,DESAPROBADO,4.61,,,2025-02-25 8:17:18,2025-07-27 9:03:47
264,64,64,APROBADO,8.05,2024-06-02 15:09:12,264,2025-02-25 8:17:18,2025-07-27 9:03:47
296,96,64,DESAPROBADO,2.37,,,2025-02-25 8:17:18,2025-07-27 9:03:47
371,171,64,APROBADO,6.12,2024-10-25 19:02:39,371,2025-02-25 8:17:18,2025-07-27 9:03:47
383,183,64,APROBADO,7.8,2024-10-23 21:16:07,383,2025-02-25 8:17:18,2025-07-27 9:03:47
549,149,64,EN CURSO,,,,2025-02-25 8:17:18,2025-07-27 9:03:47
581,181,64,APROBADO,6.32,2025-01-22 10:29:17,581,2025-02-25 8:17:18,2025-07-27 9:03:47
703,103,64,APROBADO,9.43,2025-02-17 15:58:20,703,2025-02-25 8:17:18,2025-07-27 9:03:47
726,126,64,EN CURSO,,,,2025-02-25 8:17:18,2025-07-27 9:03:47
803,3,64,DESAPROBADO,4.7,,,2025-02-25 8:17:18,2025-07-27 9:03:47
891,91,64,EN CURSO,,,,2025-02-25 8:17:18,2025-07-27 9:03:47
96,96,64,APROBADO,7.93,2024-03-23 21:28:18,96,2025-02-25 8:17:18,2025-07-27 9:03:47
997,197,64,APROBADO,6.73,2025-08-04 9:45:48,997,2025-02-25 8:17:18,2025-07-27 9:03:47
126,126,65,EN CURSO,,,,2024-12-29 19:49:33,2025-06-10 20:20:40
143,143,65,APROBADO,7.55,2024-04-28 11:37:45,143,2024-12-29 19:49:33,2025-06-10 20:20:40
219,19,65,APROBADO,6.75,2024-04-12 18:42:23,219,2024-12-29 19:49:33,2025-06-10 20:20:40
364,164,65,APROBADO,9.83,2024-09-10 18:37:08,364,2024-12-29 19:49:33,2025-06-10 20:20:40
393,193,65,APROBADO,7.15,2024-10-12 10:48:19,393,2024-12-29 19:49:33,2025-06-10 20:20:40
412,12,65,DESAPROBADO,1.01,,,2024-12-29 19:49:33,2025-06-10 20:20:40
426,26,65,APROBADO,9.91,2024-09-30 16:11:34,426,2024-12-29 19:49:33,2025-06-10 20:20:40
480,80,65,APROBADO,6.09,2024-12-26 22:16:07,480,2024-12-29 19:49:33,2025-06-10 20:20:40
526,126,65,APROBADO,9.85,2024-11-15 11:52:48,526,2024-12-29 19:49:33,2025-06-10 20:20:40
635,35,65,EN CURSO,,,,2024-12-29 19:49:33,2025-06-10 20:20:40
812,12,65,EN CURSO,,,,2024-12-29 19:49:33,2025-06-10 20:20:40
933,133,65,APROBADO,8.68,2025-06-17 20:48:56,933,2024-12-29 19:49:33,2025-06-10 20:20:40
167,167,66,APROBADO,7.15,2024-03-25 21:07:18,167,2025-01-05 18:51:49,2025-05-03 19:14:50
182,182,66,DESAPROBADO,3.87,,,2025-01-05 18:51:49,2025-05-03 19:14:50
208,8,66,APROBADO,8.93,2024-04-03 21:37:00,208,2025-01-05 18:51:49,2025-05-03 19:14:50
226,26,66,DESAPROBADO,3.86,,,2025-01-05 18:51:49,2025-05-03 19:14:50
370,170,66,DESAPROBADO,3.12,,,2025-01-05 18:51:49,2025-05-03 19:14:50
545,145,66,EN CURSO,,,,2025-01-05 18:51:49,2025-05-03 19:14:50
712,112,66,EN CURSO,,,,2025-01-05 18:51:49,2025-05-03 19:14:50
767,167,66,EN CURSO,,,,2025-01-05 18:51:49,2025-05-03 19:14:50
888,88,66,APROBADO,6.15,2025-04-15 15:01:53,888,2025-01-05 18:51:49,2025-05-03 19:14:50
946,146,66,APROBADO,6.01,2025-05-12 19:44:49,946,2025-01-05 18:51:49,2025-05-03 19:14:50
185,185,67,APROBADO,7.34,2024-06-14 9:27:10,185,2024-08-23 13:51:06,2024-10-08 14:22:26
251,51,67,APROBADO,8.7,2024-04-18 9:37:55,251,2024-08-23 13:51:06,2024-10-08 14:22:26
346,146,67,APROBADO,9.68,2024-08-13 13:12:37,346,2024-08-23 13:51:06,2024-10-08 14:22:26
406,6,67,APROBADO,7.15,2024-09-11 14:16:42,406,2024-08-23 13:51:06,2024-10-08 14:22:26
421,21,67,APROBADO,7.06,2024-12-08 9:11:53,421,2024-08-23 13:51:06,2024-10-08 14:22:26
434,34,67,EN CURSO,,,,2024-08-23 13:51:06,2024-10-08 14:22:26
455,55,67,APROBADO,6.75,2024-10-28 19:36:44,455,2024-08-23 13:51:06,2024-10-08 14:22:26
527,127,67,APROBADO,7.16,2024-12-25 13:18:19,527,2024-08-23 13:51:06,2024-10-08 14:22:26
663,63,67,DESAPROBADO,4.27,,,2024-08-23 13:51:06,2024-10-08 14:22:26
104,104,68,APROBADO,7.27,2024-03-20 18:15:20,104,2024-11-30 19:25:26,2025-02-04 20:05:32
377,177,68,APROBADO,7.17,2024-09-09 11:15:12,377,2024-11-30 19:25:26,2025-02-04 20:05:32
416,16,68,EN CURSO,,,,2024-11-30 19:25:26,2025-02-04 20:05:32
425,25,68,EN CURSO,,,,2024-11-30 19:25:26,2025-02-04 20:05:32
510,110,68,EN CURSO,,,,2024-11-30 19:25:26,2025-02-04 20:05:32
53,53,68,APROBADO,8.17,2024-03-11 9:59:06,53,2024-11-30 19:25:26,2025-02-04 20:05:32
633,33,68,APROBADO,8.97,2024-12-01 10:05:12,633,2024-11-30 19:25:26,2025-02-04 20:05:32
757,157,68,APROBADO,9.32,2025-03-17 23:18:27,757,2024-11-30 19:25:26,2025-02-04 20:05:32
815,15,68,DESAPROBADO,2.86,,,2024-11-30 19:25:26,2025-02-04 20:05:32
99,99,68,EN CURSO,,,,2024-11-30 19:25:26,2025-02-04 20:05:32
150,150,69,EN CURSO,,,,2025-02-23 16:27:54,2025-05-29 17:02:27
184,184,69,DESAPROBADO,5.74,,,2025-02-23 16:27:54,2025-05-29 17:02:27
298,98,69,APROBADO,9.89,2024-06-09 16:21:24,298,2025-02-23 16:27:54,2025-05-29 17:02:27
624,24,69,EN CURSO,,,,2025-02-23 16:27:54,2025-05-29 17:02:27
646,46,69,APROBADO,6.1,2024-12-03 18:50:08,646,2025-02-23 16:27:54,2025-05-29 17:02:27
760,160,69,APROBADO,6.07,2025-05-04 16:24:06,760,2025-02-23 16:27:54,2025-05-29 17:02:27
878,78,69,DESAPROBADO,3.1,,,2025-02-23 16:27:54,2025-05-29 17:02:27
908,108,69,APROBADO,8.59,2025-05-21 15:12:41,908,2025-02-23 16:27:54,2025-05-29 17:02:27
995,195,69,APROBADO,8.13,2025-06-06 17:33:33,995,2025-02-23 16:27:54,2025-05-29 17:02:27
1000,200,7,APROBADO,8.65,2025-07-14 20:30:38,1000,2025-02-28 19:08:06,2025-07-04 20:04:28
141,141,7,APROBADO,6.7,2024-06-09 10:18:28,141,2025-02-28 19:08:06,2025-07-04 20:04:28
374,174,7,APROBADO,9.73,2024-10-11 16:21:53,374,2025-02-28 19:08:06,2025-07-04 20:04:28
438,38,7,APROBADO,7.17,2024-09-28 11:18:35,438,2025-02-28 19:08:06,2025-07-04 20:04:28
452,52,7,APROBADO,7.69,2024-11-10 23:21:35,452,2025-02-28 19:08:06,2025-07-04 20:04:28
492,92,7,APROBADO,8.54,2024-12-28 23:06:37,492,2025-02-28 19:08:06,2025-07-04 20:04:28
536,136,7,APROBADO,8.49,2024-11-03 20:46:03,536,2025-02-28 19:08:06,2025-07-04 20:04:28
596,196,7,APROBADO,9.92,2024-11-10 15:09:30,596,2025-02-28 19:08:06,2025-07-04 20:04:28
689,89,7,EN CURSO,,,,2025-02-28 19:08:06,2025-07-04 20:04:28
122,122,70,EN CURSO,,,,2024-12-30 10:09:49,2025-05-04 11:07:38
202,2,70,DESAPROBADO,1.91,,,2024-12-30 10:09:49,2025-05-04 11:07:38
366,166,70,EN CURSO,,,,2024-12-30 10:09:49,2025-05-04 11:07:38
391,191,70,APROBADO,8.63,2024-11-07 21:40:40,391,2024-12-30 10:09:49,2025-05-04 11:07:38
484,84,70,EN CURSO,,,,2024-12-30 10:09:49,2025-05-04 11:07:38
539,139,70,APROBADO,6.49,2024-11-25 19:56:09,539,2024-12-30 10:09:49,2025-05-04 11:07:38
715,115,70,APROBADO,8.97,2025-03-26 12:51:21,715,2024-12-30 10:09:49,2025-05-04 11:07:38
737,137,70,APROBADO,7.84,2025-04-08 19:31:13,737,2024-12-30 10:09:49,2025-05-04 11:07:38
789,189,70,DESAPROBADO,5.38,,,2024-12-30 10:09:49,2025-05-04 11:07:38
935,135,70,APROBADO,9.58,2025-05-10 11:29:07,935,2024-12-30 10:09:49,2025-05-04 11:07:38
196,196,71,APROBADO,8.01,2024-03-29 22:03:03,196,2025-02-06 14:26:02,2025-07-16 15:01:45
205,5,71,APROBADO,8.4,2024-05-22 11:07:55,205,2025-02-06 14:26:02,2025-07-16 15:01:45
389,189,71,DESAPROBADO,3.05,,,2025-02-06 14:26:02,2025-07-16 15:01:45
424,24,71,APROBADO,9.13,2024-09-20 21:41:20,424,2025-02-06 14:26:02,2025-07-16 15:01:45
530,130,71,APROBADO,7.15,2024-10-23 14:16:00,530,2025-02-06 14:26:02,2025-07-16 15:01:45
652,52,71,EN CURSO,,,,2025-02-06 14:26:02,2025-07-16 15:01:45
978,178,71,APROBADO,8.16,2025-07-19 15:19:07,978,2025-02-06 14:26:02,2025-07-16 15:01:45
169,169,72,EN CURSO,,,,2025-01-14 9:28:38,2025-04-05 9:38:56
194,194,72,APROBADO,8.52,2024-04-15 17:54:10,194,2025-01-14 9:28:38,2025-04-05 9:38:56
323,123,72,EN CURSO,,,,2025-01-14 9:28:38,2025-04-05 9:38:56
381,181,72,DESAPROBADO,5.67,,,2025-01-14 9:28:38,2025-04-05 9:38:56
486,86,72,APROBADO,6.8,2024-11-26 9:01:59,486,2025-01-14 9:28:38,2025-04-05 9:38:56
558,158,72,EN CURSO,,,,2025-01-14 9:28:38,2025-04-05 9:38:56
606,6,72,APROBADO,9.37,2024-11-03 14:37:29,606,2025-01-14 9:28:38,2025-04-05 9:38:56
671,71,72,EN CURSO,,,,2025-01-14 9:28:38,2025-04-05 9:38:56
696,96,72,APROBADO,7.5,2025-02-19 16:32:14,696,2025-01-14 9:28:38,2025-04-05 9:38:56
720,120,72,DESAPROBADO,3.22,,,2025-01-14 9:28:38,2025-04-05 9:38:56
830,30,72,EN CURSO,,,,2025-01-14 9:28:38,2025-04-05 9:38:56
92,92,72,APROBADO,9.72,2024-05-20 19:49:46,92,2025-01-14 9:28:38,2025-04-05 9:38:56
955,155,72,DESAPROBADO,5.61,,,2025-01-14 9:28:38,2025-04-05 9:38:56
11,11,73,EN CURSO,,,,2024-12-08 10:14:57,2025-05-13 11:01:24
14,14,73,EN CURSO,,,,2024-12-08 10:14:57,2025-05-13 11:01:24
175,175,73,APROBADO,7.41,2024-04-16 17:14:47,175,2024-12-08 10:14:57,2025-05-13 11:01:24
233,33,73,APROBADO,6.91,2024-06-15 10:28:06,233,2024-12-08 10:14:57,2025-05-13 11:01:24
237,37,73,APROBADO,9.43,2024-04-27 10:44:36,237,2024-12-08 10:14:57,2025-05-13 11:01:24
240,40,73,EN CURSO,,,,2024-12-08 10:14:57,2025-05-13 11:01:24
319,119,73,APROBADO,9.15,2024-09-12 20:14:57,319,2024-12-08 10:14:57,2025-05-13 11:01:24
551,151,73,APROBADO,7.71,2024-12-03 15:16:53,551,2024-12-08 10:14:57,2025-05-13 11:01:24
585,185,73,APROBADO,6.14,2024-12-01 14:47:02,585,2024-12-08 10:14:57,2025-05-13 11:01:24
66,66,73,EN CURSO,,,,2024-12-08 10:14:57,2025-05-13 11:01:24
813,13,73,DESAPROBADO,4.54,,,2024-12-08 10:14:57,2025-05-13 11:01:24
847,47,73,APROBADO,6.46,2025-05-22 11:23:17,847,2024-12-08 10:14:57,2025-05-13 11:01:24
481,81,74,APROBADO,6.66,2024-11-04 15:02:47,481,2024-08-09 17:00:35,2024-11-14 17:07:02
649,49,74,APROBADO,7.21,2024-11-20 17:08:44,649,2024-08-09 17:00:35,2024-11-14 17:07:02
193,193,75,EN CURSO,,,,2025-02-08 21:10:49,2025-06-07 21:48:47
221,21,75,EN CURSO,,,,2025-02-08 21:10:49,2025-06-07 21:48:47
236,36,75,APROBADO,6.09,2024-06-24 22:35:46,236,2025-02-08 21:10:49,2025-06-07 21:48:47
417,17,75,APROBADO,9.05,2024-10-27 11:08:22,417,2025-02-08 21:10:49,2025-06-07 21:48:47
710,110,75,APROBADO,9.35,2025-02-14 15:15:08,710,2025-02-08 21:10:49,2025-06-07 21:48:47
918,118,75,APROBADO,9.28,2025-04-22 8:44:12,918,2025-02-08 21:10:49,2025-06-07 21:48:47
980,180,75,DESAPROBADO,3.69,,,2025-02-08 21:10:49,2025-06-07 21:48:47
123,123,76,APROBADO,9.68,2024-04-20 11:59:34,123,2024-11-10 10:27:07,2025-05-05 11:25:22
201,1,76,DESAPROBADO,3.45,,,2024-11-10 10:27:07,2025-05-05 11:25:22
214,14,76,APROBADO,7.6,2024-06-01 18:11:19,214,2024-11-10 10:27:07,2025-05-05 11:25:22
235,35,76,EN CURSO,,,,2024-11-10 10:27:07,2025-05-05 11:25:22
350,150,76,APROBADO,9.22,2024-09-12 11:46:09,350,2024-11-10 10:27:07,2025-05-05 11:25:22
414,14,76,APROBADO,7.81,2024-10-19 12:09:45,414,2024-11-10 10:27:07,2025-05-05 11:25:22
441,41,76,APROBADO,8.21,2024-11-12 15:00:13,441,2024-11-10 10:27:07,2025-05-05 11:25:22
626,26,76,DESAPROBADO,2.14,,,2024-11-10 10:27:07,2025-05-05 11:25:22
734,134,76,APROBADO,6.69,2025-05-09 11:30:30,734,2024-11-10 10:27:07,2025-05-05 11:25:22
85,85,76,APROBADO,9.05,2024-04-07 12:16:23,85,2024-11-10 10:27:07,2025-05-05 11:25:22
270,70,77,APROBADO,7.55,2024-06-20 18:40:05,270,2025-02-26 21:18:26,2025-05-16 22:03:01
36,36,77,APROBADO,7.01,2024-05-12 18:57:34,36,2025-02-26 21:18:26,2025-05-16 22:03:01
373,173,77,APROBADO,7.3,2024-08-29 11:51:10,373,2025-02-26 21:18:26,2025-05-16 22:03:01
469,69,77,EN CURSO,,,,2025-02-26 21:18:26,2025-05-16 22:03:01
518,118,77,EN CURSO,,,,2025-02-26 21:18:26,2025-05-16 22:03:01
522,122,77,DESAPROBADO,5.05,,,2025-02-26 21:18:26,2025-05-16 22:03:01
779,179,77,APROBADO,6.03,2025-03-15 10:17:08,779,2025-02-26 21:18:26,2025-05-16 22:03:01
886,86,77,APROBADO,7.6,2025-04-15 11:41:48,886,2025-02-26 21:18:26,2025-05-16 22:03:01
976,176,77,APROBADO,9.41,2025-06-18 11:05:39,976,2025-02-26 21:18:26,2025-05-16 22:03:01
998,198,77,DESAPROBADO,3.87,,,2025-02-26 21:18:26,2025-05-16 22:03:01
154,154,78,DESAPROBADO,4.18,,,2025-02-17 16:49:10,2025-04-30 17:13:14
197,197,78,EN CURSO,,,,2025-02-17 16:49:10,2025-04-30 17:13:14
338,138,78,APROBADO,7.55,2024-09-23 9:59:35,338,2025-02-17 16:49:10,2025-04-30 17:13:14
667,67,78,DESAPROBADO,3.76,,,2025-02-17 16:49:10,2025-04-30 17:13:14
680,80,78,APROBADO,6.56,2024-12-17 15:58:34,680,2025-02-17 16:49:10,2025-04-30 17:13:14
75,75,78,APROBADO,7.56,2024-04-25 18:12:01,75,2025-02-17 16:49:10,2025-04-30 17:13:14
761,161,78,DESAPROBADO,4.41,,,2025-02-17 16:49:10,2025-04-30 17:13:14
893,93,78,APROBADO,9.51,2025-05-25 15:25:02,893,2025-02-17 16:49:10,2025-04-30 17:13:14
989,189,78,DESAPROBADO,2.6,,,2025-02-17 16:49:10,2025-04-30 17:13:14
230,30,79,EN CURSO,,,,2024-12-07 21:46:42,2025-04-06 21:49:52
259,59,79,DESAPROBADO,2.99,,,2024-12-07 21:46:42,2025-04-06 21:49:52
27,27,79,APROBADO,7.11,2024-04-22 16:21:04,27,2024-12-07 21:46:42,2025-04-06 21:49:52
278,78,79,APROBADO,9.3,2024-06-08 11:15:07,278,2024-12-07 21:46:42,2025-04-06 21:49:52
32,32,79,APROBADO,7.27,2024-05-14 22:01:20,32,2024-12-07 21:46:42,2025-04-06 21:49:52
448,48,79,APROBADO,7.35,2024-11-15 16:53:56,448,2024-12-07 21:46:42,2025-04-06 21:49:52
515,115,79,APROBADO,7.32,2024-10-17 13:37:48,515,2024-12-07 21:46:42,2025-04-06 21:49:52
673,73,79,EN CURSO,,,,2024-12-07 21:46:42,2025-04-06 21:49:52
711,111,79,APROBADO,6.59,2025-04-04 16:29:08,711,2024-12-07 21:46:42,2025-04-06 21:49:52
81,81,79,APROBADO,7.07,2024-03-03 10:07:07,81,2024-12-07 21:46:42,2025-04-06 21:49:52
817,17,79,APROBADO,7.71,2025-05-02 23:21:53,817,2024-12-07 21:46:42,2025-04-06 21:49:52
845,45,79,APROBADO,7.95,2025-04-13 22:36:52,845,2024-12-07 21:46:42,2025-04-06 21:49:52
108,108,8,APROBADO,6.96,2024-04-01 16:48:11,108,2025-02-07 19:39:02,
111,111,8,APROBADO,7.45,2024-03-16 11:34:59,111,2025-02-07 19:39:02,
125,125,8,DESAPROBADO,3.99,,,2025-02-07 19:39:02,
181,181,8,DESAPROBADO,1.15,,,2025-02-07 19:39:02,
198,198,8,APROBADO,7.27,2024-05-03 14:21:25,198,2025-02-07 19:39:02,
262,62,8,APROBADO,6.83,2024-05-28 18:26:26,262,2025-02-07 19:39:02,
362,162,8,DESAPROBADO,4.42,,,2025-02-07 19:39:02,
447,47,8,APROBADO,6.99,2024-10-29 17:07:39,447,2025-02-07 19:39:02,
582,182,8,EN CURSO,,,,2025-02-07 19:39:02,
583,183,8,APROBADO,6.58,2024-11-10 17:04:27,583,2025-02-07 19:39:02,
685,85,8,EN CURSO,,,,2025-02-07 19:39:02,
707,107,8,APROBADO,9.22,2025-04-13 16:54:14,707,2025-02-07 19:39:02,
745,145,8,DESAPROBADO,2.55,,,2025-02-07 19:39:02,
783,183,8,EN CURSO,,,,2025-02-07 19:39:02,
838,38,8,APROBADO,8.55,2025-05-29 12:30:47,838,2025-02-07 19:39:02,
858,58,8,EN CURSO,,,,2025-02-07 19:39:02,
979,179,8,EN CURSO,,,,2025-02-07 19:39:02,
18,18,80,EN CURSO,,,,2024-12-14 21:17:04,2025-02-19 21:19:48
254,54,80,EN CURSO,,,,2024-12-14 21:17:04,2025-02-19 21:19:48
454,54,80,APROBADO,8.73,2024-12-20 12:03:20,454,2024-12-14 21:17:04,2025-02-19 21:19:48
682,82,80,EN CURSO,,,,2024-12-14 21:17:04,2025-02-19 21:19:48
752,152,80,DESAPROBADO,5.39,,,2024-12-14 21:17:04,2025-02-19 21:19:48
773,173,80,APROBADO,9.14,2025-04-16 20:39:21,773,2024-12-14 21:17:04,2025-02-19 21:19:48
83,83,80,EN CURSO,,,,2024-12-14 21:17:04,2025-02-19 21:19:48
835,35,80,APROBADO,9.37,2025-04-25 10:41:17,835,2024-12-14 21:17:04,2025-02-19 21:19:48
854,54,80,DESAPROBADO,3.63,,,2024-12-14 21:17:04,2025-02-19 21:19:48
873,73,80,DESAPROBADO,2.74,,,2024-12-14 21:17:04,2025-02-19 21:19:48
189,189,81,APROBADO,9.47,2024-04-09 17:34:47,189,2024-12-24 8:05:53,2025-01-24 8:25:07
260,60,81,APROBADO,7.38,2024-05-04 13:52:59,260,2024-12-24 8:05:53,2025-01-24 8:25:07
332,132,81,APROBADO,8.24,2024-08-27 12:49:36,332,2024-12-24 8:05:53,2025-01-24 8:25:07
592,192,81,APROBADO,8.73,2024-11-01 22:13:39,592,2024-12-24 8:05:53,2025-01-24 8:25:07
638,38,81,EN CURSO,,,,2024-12-24 8:05:53,2025-01-24 8:25:07
655,55,81,APROBADO,8.57,2025-01-09 14:48:27,655,2024-12-24 8:05:53,2025-01-24 8:25:07
699,99,81,APROBADO,8.05,2025-03-02 14:13:08,699,2024-12-24 8:05:53,2025-01-24 8:25:07
766,166,81,EN CURSO,,,,2024-12-24 8:05:53,2025-01-24 8:25:07
910,110,81,DESAPROBADO,3.83,,,2024-12-24 8:05:53,2025-01-24 8:25:07
227,27,82,EN CURSO,,,,2024-11-25 9:02:45,2025-03-18 9:08:24
347,147,82,APROBADO,7.93,2024-07-19 15:36:54,347,2024-11-25 9:02:45,2025-03-18 9:08:24
514,114,82,APROBADO,7.82,2024-10-31 11:15:42,514,2024-11-25 9:02:45,2025-03-18 9:08:24
574,174,82,APROBADO,7.97,2024-12-31 10:24:35,574,2024-11-25 9:02:45,2025-03-18 9:08:24
661,61,82,DESAPROBADO,4.44,,,2024-11-25 9:02:45,2025-03-18 9:08:24
675,75,82,APROBADO,9.42,2025-01-19 12:23:46,675,2024-11-25 9:02:45,2025-03-18 9:08:24
747,147,82,DESAPROBADO,4.37,,,2024-11-25 9:02:45,2025-03-18 9:08:24
794,194,82,DESAPROBADO,3.62,,,2024-11-25 9:02:45,2025-03-18 9:08:24
86,86,82,EN CURSO,,,,2024-11-25 9:02:45,2025-03-18 9:08:24
102,102,83,DESAPROBADO,4.36,,,2024-11-26 19:51:38,2025-03-22 20:46:24
131,131,83,APROBADO,7.72,2024-03-29 10:30:00,131,2024-11-26 19:51:38,2025-03-22 20:46:24
23,23,83,APROBADO,8.08,2024-03-11 15:54:36,23,2024-11-26 19:51:38,2025-03-22 20:46:24
304,104,83,APROBADO,8.36,2024-08-03 19:32:07,304,2024-11-26 19:51:38,2025-03-22 20:46:24
431,31,83,APROBADO,7.11,2024-12-07 14:15:10,431,2024-11-26 19:51:38,2025-03-22 20:46:24
801,1,83,APROBADO,7.74,2025-03-30 21:02:40,801,2024-11-26 19:51:38,2025-03-22 20:46:24
98,98,83,APROBADO,6.1,2024-03-23 14:43:55,98,2024-11-26 19:51:38,2025-03-22 20:46:24
134,134,84,EN CURSO,,,,2024-11-09 12:54:11,2025-04-06 13:23:36
161,161,84,APROBADO,9.57,2024-05-10 10:30:26,161,2024-11-09 12:54:11,2025-04-06 13:23:36
177,177,84,APROBADO,6.26,2024-04-25 10:58:14,177,2024-11-09 12:54:11,2025-04-06 13:23:36
339,139,84,DESAPROBADO,3.86,,,2024-11-09 12:54:11,2025-04-06 13:23:36
407,7,84,EN CURSO,,,,2024-11-09 12:54:11,2025-04-06 13:23:36
616,16,84,APROBADO,7.37,2025-01-24 17:01:31,616,2024-11-09 12:54:11,2025-04-06 13:23:36
697,97,84,DESAPROBADO,4.84,,,2024-11-09 12:54:11,2025-04-06 13:23:36
731,131,84,APROBADO,8.63,2025-04-13 14:06:12,731,2024-11-09 12:54:11,2025-04-06 13:23:36
1,1,85,APROBADO,6.46,2024-04-07 9:41:43,1,2024-12-29 11:54:01,2025-04-08 12:39:01
25,25,85,APROBADO,6.19,2024-02-21 11:44:49,25,2024-12-29 11:54:01,2025-04-08 12:39:01
386,186,85,APROBADO,9.24,2024-11-12 9:14:27,386,2024-12-29 11:54:01,2025-04-08 12:39:01
403,3,85,APROBADO,7.34,2024-10-23 20:05:29,403,2024-12-29 11:54:01,2025-04-08 12:39:01
408,8,85,DESAPROBADO,5.74,,,2024-12-29 11:54:01,2025-04-08 12:39:01
451,51,85,APROBADO,9.99,2024-11-21 16:56:34,451,2024-12-29 11:54:01,2025-04-08 12:39:01
668,68,85,EN CURSO,,,,2024-12-29 11:54:01,2025-04-08 12:39:01
797,197,85,EN CURSO,,,,2024-12-29 11:54:01,2025-04-08 12:39:01
884,84,85,APROBADO,7.84,2025-05-29 14:21:11,884,2024-12-29 11:54:01,2025-04-08 12:39:01
921,121,85,EN CURSO,,,,2024-12-29 11:54:01,2025-04-08 12:39:01
930,130,85,DESAPROBADO,4.49,,,2024-12-29 11:54:01,2025-04-08 12:39:01
158,158,86,APROBADO,7.05,2024-05-23 18:01:24,158,2025-02-19 11:45:39,2025-05-21 12:39:58
384,184,86,APROBADO,6.32,2024-10-15 11:21:40,384,2025-02-19 11:45:39,2025-05-21 12:39:58
482,82,86,APROBADO,8.81,2024-10-20 21:01:16,482,2025-02-19 11:45:39,2025-05-21 12:39:58
608,8,86,APROBADO,6.59,2024-12-04 22:18:28,608,2025-02-19 11:45:39,2025-05-21 12:39:58
887,87,86,APROBADO,7.88,2025-05-04 14:00:37,887,2025-02-19 11:45:39,2025-05-21 12:39:58
991,191,86,APROBADO,6.27,2025-05-31 12:45:45,991,2025-02-19 11:45:39,2025-05-21 12:39:58
204,4,87,APROBADO,9.26,2024-03-29 21:36:25,204,2024-12-21 13:47:22,
306,106,87,DESAPROBADO,1.11,,,2024-12-21 13:47:22,
563,163,87,EN CURSO,,,,2024-12-21 13:47:22,
637,37,87,EN CURSO,,,,2024-12-21 13:47:22,
900,100,87,EN CURSO,,,,2024-12-21 13:47:22,
314,114,88,APROBADO,7.92,2024-06-19 23:06:35,314,2025-02-14 10:22:00,2025-08-13 10:30:13
354,154,88,EN CURSO,,,,2025-02-14 10:22:00,2025-08-13 10:30:13
610,10,88,APROBADO,7.33,2024-12-25 20:33:55,610,2025-02-14 10:22:00,2025-08-13 10:30:13
621,21,88,DESAPROBADO,2.08,,,2025-02-14 10:22:00,2025-08-13 10:30:13
786,186,88,DESAPROBADO,2.33,,,2025-02-14 10:22:00,2025-08-13 10:30:13
870,70,88,EN CURSO,,,,2025-02-14 10:22:00,2025-08-13 10:30:13
938,138,88,EN CURSO,,,,2025-02-14 10:22:00,2025-08-13 10:30:13
986,186,88,APROBADO,6.22,2025-08-19 11:11:55,986,2025-02-14 10:22:00,2025-08-13 10:30:13
148,148,89,EN CURSO,,,,2024-12-01 12:20:14,
149,149,89,APROBADO,6.82,2024-05-21 11:12:14,149,2024-12-01 12:20:14,
26,26,89,APROBADO,9.39,2024-04-21 11:53:58,26,2024-12-01 12:20:14,
35,35,89,APROBADO,8.09,2024-05-06 14:53:16,35,2024-12-01 12:20:14,
45,45,89,EN CURSO,,,,2024-12-01 12:20:14,
48,48,89,DESAPROBADO,5.27,,,2024-12-01 12:20:14,
594,194,89,APROBADO,8.05,2024-12-26 13:35:45,594,2024-12-01 12:20:14,
780,180,89,APROBADO,6.49,2025-03-21 12:57:43,780,2024-12-01 12:20:14,
788,188,89,APROBADO,8.31,2025-04-21 15:57:01,788,2024-12-01 12:20:14,
818,18,89,EN CURSO,,,,2024-12-01 12:20:14,
109,109,9,EN CURSO,,,,2025-02-09 15:43:11,2025-07-12 15:43:12
157,157,9,APROBADO,7.52,2024-05-28 16:01:07,157,2025-02-09 15:43:11,2025-07-12 15:43:12
249,49,9,APROBADO,7.58,2024-05-01 23:01:55,249,2025-02-09 15:43:11,2025-07-12 15:43:12
308,108,9,APROBADO,8.43,2024-08-14 20:19:27,308,2025-02-09 15:43:11,2025-07-12 15:43:12
353,153,9,DESAPROBADO,5.44,,,2025-02-09 15:43:11,2025-07-12 15:43:12
476,76,9,APROBADO,6.48,2024-09-28 21:29:32,476,2025-02-09 15:43:11,2025-07-12 15:43:12
506,106,9,APROBADO,9.19,2025-01-04 12:05:55,506,2025-02-09 15:43:11,2025-07-12 15:43:12
61,61,9,APROBADO,8.97,2024-03-06 9:56:23,61,2025-02-09 15:43:11,2025-07-12 15:43:12
641,41,9,DESAPROBADO,1.71,,,2025-02-09 15:43:11,2025-07-12 15:43:12
741,141,9,APROBADO,8.34,2025-04-23 18:10:46,741,2025-02-09 15:43:11,2025-07-12 15:43:12
819,19,9,EN CURSO,,,,2025-02-09 15:43:11,2025-07-12 15:43:12
894,94,9,APROBADO,6.19,2025-06-09 14:05:08,894,2025-02-09 15:43:11,2025-07-12 15:43:12
912,112,9,APROBADO,6.83,2025-05-13 11:49:04,912,2025-02-09 15:43:11,2025-07-12 15:43:12
944,144,9,EN CURSO,,,,2025-02-09 15:43:11,2025-07-12 15:43:12
981,181,9,APROBADO,7.66,2025-07-16 16:10:29,981,2025-02-09 15:43:11,2025-07-12 15:43:12
207,7,90,APROBADO,6.3,2024-06-01 18:09:22,207,2024-12-26 9:51:37,2025-05-20 10:48:06
442,42,90,EN CURSO,,,,2024-12-26 9:51:37,2025-05-20 10:48:06
449,49,90,EN CURSO,,,,2024-12-26 9:51:37,2025-05-20 10:48:06
494,94,90,DESAPROBADO,3.75,,,2024-12-26 9:51:37,2025-05-20 10:48:06
521,121,90,EN CURSO,,,,2024-12-26 9:51:37,2025-05-20 10:48:06
7,7,90,APROBADO,8.35,2024-02-09 16:10:25,7,2024-12-26 9:51:37,2025-05-20 10:48:06
919,119,90,APROBADO,7.65,2025-05-27 11:16:07,919,2024-12-26 9:51:37,2025-05-20 10:48:06
106,106,91,APROBADO,8.1,2024-05-24 12:21:01,106,2025-02-10 21:28:41,2025-05-16 21:35:26
243,43,91,APROBADO,7.26,2024-07-01 13:12:26,243,2025-02-10 21:28:41,2025-05-16 21:35:26
478,78,91,DESAPROBADO,3.5,,,2025-02-10 21:28:41,2025-05-16 21:35:26
537,137,91,APROBADO,6.42,2024-11-04 16:39:20,537,2025-02-10 21:28:41,2025-05-16 21:35:26
548,148,91,APROBADO,9.6,2024-12-30 21:30:28,548,2025-02-10 21:28:41,2025-05-16 21:35:26
567,167,91,APROBADO,8.71,2024-11-01 19:52:18,567,2025-02-10 21:28:41,2025-05-16 21:35:26
687,87,91,APROBADO,7.6,2025-02-28 14:55:51,687,2025-02-10 21:28:41,2025-05-16 21:35:26
694,94,91,APROBADO,8.24,2025-02-14 17:18:07,694,2025-02-10 21:28:41,2025-05-16 21:35:26
702,102,91,DESAPROBADO,1.99,,,2025-02-10 21:28:41,2025-05-16 21:35:26
74,74,91,APROBADO,8.8,2024-03-21 14:38:20,74,2025-02-10 21:28:41,2025-05-16 21:35:26
872,72,91,APROBADO,7.01,2025-04-09 22:31:58,872,2025-02-10 21:28:41,2025-05-16 21:35:26
982,182,91,APROBADO,6.34,2025-05-23 22:03:22,982,2025-02-10 21:28:41,2025-05-16 21:35:26
24,24,92,APROBADO,6.02,2024-04-12 19:11:35,24,2024-12-05 16:47:56,
268,68,92,EN CURSO,,,,2024-12-05 16:47:56,
501,101,92,DESAPROBADO,3.43,,,2024-12-05 16:47:56,
541,141,92,APROBADO,7.39,2024-10-26 10:07:46,541,2024-12-05 16:47:56,
679,79,92,DESAPROBADO,5.4,,,2024-12-05 16:47:56,
722,122,92,APROBADO,9.47,2025-02-18 11:32:45,722,2024-12-05 16:47:56,
837,37,92,EN CURSO,,,,2024-12-05 16:47:56,
146,146,93,DESAPROBADO,5.44,,,2024-12-19 14:30:07,2025-02-05 14:30:45
294,94,93,APROBADO,7.52,2024-06-28 15:14:47,294,2024-12-19 14:30:07,2025-02-05 14:30:45
368,168,93,EN CURSO,,,,2024-12-19 14:30:07,2025-02-05 14:30:45
402,2,93,EN CURSO,,,,2024-12-19 14:30:07,2025-02-05 14:30:45
437,37,93,APROBADO,9.6,2024-12-16 9:00:19,437,2024-12-19 14:30:07,2025-02-05 14:30:45
531,131,93,APROBADO,7.36,2024-10-15 18:19:28,531,2024-12-19 14:30:07,2025-02-05 14:30:45
62,62,93,APROBADO,9.17,2024-03-02 9:29:36,62,2024-12-19 14:30:07,2025-02-05 14:30:45
721,121,93,DESAPROBADO,1.56,,,2024-12-19 14:30:07,2025-02-05 14:30:45
736,136,93,APROBADO,7.47,2025-02-16 18:50:08,736,2024-12-19 14:30:07,2025-02-05 14:30:45
890,90,93,APROBADO,8.5,2025-05-19 12:08:15,890,2024-12-19 14:30:07,2025-02-05 14:30:45
892,92,93,DESAPROBADO,1.32,,,2024-12-19 14:30:07,2025-02-05 14:30:45
190,190,94,EN CURSO,,,,2024-11-20 20:00:16,2025-02-22 20:04:37
192,192,94,APROBADO,7.69,2024-03-28 22:34:46,192,2024-11-20 20:00:16,2025-02-22 20:04:37
217,17,94,EN CURSO,,,,2024-11-20 20:00:16,2025-02-22 20:04:37
257,57,94,APROBADO,8.05,2024-06-04 16:22:52,257,2024-11-20 20:00:16,2025-02-22 20:04:37
274,74,94,EN CURSO,,,,2024-11-20 20:00:16,2025-02-22 20:04:37
320,120,94,EN CURSO,,,,2024-11-20 20:00:16,2025-02-22 20:04:37
39,39,94,EN CURSO,,,,2024-11-20 20:00:16,2025-02-22 20:04:37
398,198,94,APROBADO,7.76,2024-09-15 20:32:44,398,2024-11-20 20:00:16,2025-02-22 20:04:37
509,109,94,APROBADO,6.46,2024-11-30 11:49:53,509,2024-11-20 20:00:16,2025-02-22 20:04:37
577,177,94,EN CURSO,,,,2024-11-20 20:00:16,2025-02-22 20:04:37
627,27,94,EN CURSO,,,,2024-11-20 20:00:16,2025-02-22 20:04:37
727,127,94,APROBADO,9.66,2025-05-15 16:28:39,727,2024-11-20 20:00:16,2025-02-22 20:04:37
777,177,94,DESAPROBADO,5.81,,,2024-11-20 20:00:16,2025-02-22 20:04:37
88,88,94,APROBADO,7.91,2024-03-30 16:18:42,88,2024-11-20 20:00:16,2025-02-22 20:04:37
159,159,95,APROBADO,7.9,2024-06-06 19:17:27,159,2024-12-28 18:34:23,2025-06-23 18:39:39
276,76,95,APROBADO,6.93,2024-05-16 12:16:29,276,2024-12-28 18:34:23,2025-06-23 18:39:39
376,176,95,APROBADO,6.5,2024-10-25 13:14:27,376,2024-12-28 18:34:23,2025-06-23 18:39:39
429,29,95,DESAPROBADO,3.2,,,2024-12-28 18:34:23,2025-06-23 18:39:39
770,170,95,EN CURSO,,,,2024-12-28 18:34:23,2025-06-23 18:39:39
820,20,95,APROBADO,8.74,2025-04-09 20:15:18,820,2024-12-28 18:34:23,2025-06-23 18:39:39
826,26,95,EN CURSO,,,,2024-12-28 18:34:23,2025-06-23 18:39:39
928,128,95,APROBADO,8.93,2025-06-27 18:58:49,928,2024-12-28 18:34:23,2025-06-23 18:39:39
160,160,96,APROBADO,6.04,2024-04-27 20:10:56,160,2025-01-16 17:03:06,2025-06-28 17:16:26
215,15,96,APROBADO,8.13,2024-06-23 18:59:25,215,2025-01-16 17:03:06,2025-06-28 17:16:26
328,128,96,EN CURSO,,,,2025-01-16 17:03:06,2025-06-28 17:16:26
392,192,96,APROBADO,6.29,2024-10-09 13:39:45,392,2025-01-16 17:03:06,2025-06-28 17:16:26
40,40,96,APROBADO,7.27,2024-03-05 22:12:07,40,2025-01-16 17:03:06,2025-06-28 17:16:26
419,19,96,APROBADO,7.79,2024-11-09 17:15:47,419,2025-01-16 17:03:06,2025-06-28 17:16:26
443,43,96,APROBADO,6.44,2024-11-15 15:43:24,443,2025-01-16 17:03:06,2025-06-28 17:16:26
554,154,96,EN CURSO,,,,2025-01-16 17:03:06,2025-06-28 17:16:26
590,190,96,EN CURSO,,,,2025-01-16 17:03:06,2025-06-28 17:16:26
597,197,96,APROBADO,8.65,2024-10-29 8:36:39,597,2025-01-16 17:03:06,2025-06-28 17:16:26
603,3,96,DESAPROBADO,1.08,,,2025-01-16 17:03:06,2025-06-28 17:16:26
952,152,96,DESAPROBADO,5.89,,,2025-01-16 17:03:06,2025-06-28 17:16:26
957,157,96,APROBADO,7.53,2025-07-06 17:32:02,957,2025-01-16 17:03:06,2025-06-28 17:16:26
139,139,97,DESAPROBADO,2.15,,,2024-07-08 17:02:38,2024-10-06 17:26:50
272,72,97,APROBADO,8.5,2024-05-09 13:48:01,272,2024-07-08 17:02:38,2024-10-06 17:26:50
461,61,97,APROBADO,7.17,2024-11-18 10:58:49,461,2024-07-08 17:02:38,2024-10-06 17:26:50
463,63,97,APROBADO,6.83,2024-10-31 21:57:25,463,2024-07-08 17:02:38,2024-10-06 17:26:50
547,147,97,APROBADO,9.75,2024-10-15 18:25:59,547,2024-07-08 17:02:38,2024-10-06 17:26:50
6,6,97,EN CURSO,,,,2024-07-08 17:02:38,2024-10-06 17:26:50
117,117,98,APROBADO,7.25,2024-05-30 10:20:57,117,2025-01-13 10:49:55,2025-05-25 11:25:04
156,156,98,DESAPROBADO,2,,,2025-01-13 10:49:55,2025-05-25 11:25:04
301,101,98,DESAPROBADO,3.96,,,2025-01-13 10:49:55,2025-05-25 11:25:04
335,135,98,APROBADO,9.84,2024-09-20 9:54:17,335,2025-01-13 10:49:55,2025-05-25 11:25:04
385,185,98,APROBADO,8.79,2024-11-20 12:29:59,385,2025-01-13 10:49:55,2025-05-25 11:25:04
470,70,98,EN CURSO,,,,2025-01-13 10:49:55,2025-05-25 11:25:04
562,162,98,APROBADO,7.11,2024-10-28 20:02:56,562,2025-01-13 10:49:55,2025-05-25 11:25:04
664,64,98,APROBADO,7.8,2024-12-01 19:19:40,664,2025-01-13 10:49:55,2025-05-25 11:25:04
688,88,98,EN CURSO,,,,2025-01-13 10:49:55,2025-05-25 11:25:04
730,130,98,APROBADO,6.18,2025-02-19 10:59:43,730,2025-01-13 10:49:55,2025-05-25 11:25:04
765,165,98,DESAPROBADO,2.15,,,2025-01-13 10:49:55,2025-05-25 11:25:04
954,154,98,APROBADO,9.88,2025-05-31 12:09:42,954,2025-01-13 10:49:55,2025-05-25 11:25:04
345,145,99,APROBADO,8.05,2024-08-13 11:23:54,345,2024-12-27 13:52:36,2025-03-24 14:16:02
401,1,99,DESAPROBADO,1.56,,,2024-12-27 13:52:36,2025-03-24 14:16:02
651,51,99,APROBADO,8.62,2025-02-05 18:01:55,651,2024-12-27 13:52:36,2025-03-24 14:16:02
834,34,99,APROBADO,7.1,2025-05-20 9:47:18,834,2024-12-27 13:52:36,2025-03-24 14:16:02
875,75,99,APROBADO,7.32,2025-05-28 16:40:06,875,2024-12-27 13:52:36,2025-03-24 14:16:02
895,95,99,APROBADO,7.35,2025-06-04 13:44:32,895,2024-12-27 13:52:36,2025-03-24 14:16:02
925,125,99,DESAPROBADO,2.2,,,2024-12-27 13:52:36,2025-03-24 14:16:02