ID_FACTURA_CABECERA,ID_ALUMNO,ID_METODO_PAGO,MONTO_TOTAL,FECHA_EMISION,FECHA_VENCIMIENTO
1,156,3,1060282,2024-12-19 21:23:53.000,2025-01-13 21:35:38.000
2,167,3,262864,2024-12-26 13:20:35.000,2025-01-21 14:00:18.000
3,8,4,703061,2024-12-26 13:20:35.003,2025-01-21 14:00:18.003
4,149,3,845481,2024-12-26 13:20:35.006,2025-01-24 14:07:21.006
5,192,1,347243,2025-04-29 17:14:10.000,2025-05-14 17:15:19.000
6,64,1,1777458,2025-04-29 17:14:10.003,2025-05-21 17:31:55.003
7,130,2,1305764,2025-04-29 17:14:10.006,2025-05-25 17:45:51.006
8,45,4,1303470,2025-04-29 17:14:10.009,2025-05-25 17:45:51.009
9,10,2,1828209,2025-04-29 17:14:10.012,2025-05-25 17:45:51.012
10,130,1,1348100,2025-04-29 17:14:10.015,2025-05-25 17:45:51.015
11,48,2,368946,2025-04-29 17:14:10.018,2025-05-25 17:45:51.018
12,14,2,922432,2025-04-29 17:14:10.021,2025-05-25 17:45:51.021
13,159,3,338822,2025-04-29 17:14:10.024,2025-05-28 17:29:27.024
14,20,4,144785,2025-04-29 17:14:10.027,2025-05-28 17:29:27.027
15,69,2,1165042,2025-04-29 17:14:10.030,2025-05-28 17:29:27.030
16,92,3,942083,2025-04-29 17:14:10.033,2025-05-28 18:06:44.033
17,1,2,1459045,2025-04-29 17:14:10.036,2025-05-28 18:06:44.036
18,53,2,731284,2025-04-29 17:14:10.039,2025-05-28 18:06:44.039
19,172,2,1020953,2025-04-29 17:14:10.042,2025-05-28 18:06:44.042
20,34,4,962674,2025-04-29 17:14:10.045,2025-05-28 18:06:44.045
21,166,2,499599,2025-04-29 17:14:10.048,2025-05-28 18:06:44.048
22,146,3,554541,2025-04-29 17:14:10.051,2025-05-28 18:06:44.051
23,13,3,556656,2025-04-29 17:14:10.054,2025-05-28 18:06:44.054
24,32,2,527566,2025-04-29 17:14:10.057,2025-05-29 17:19:08.057
25,190,2,719016,2025-04-29 17:14:10.060,2025-05-29 17:19:08.060
26,174,1,499599,2025-04-29 17:14:10.063,2025-05-29 17:19:08.063
27,82,2,409400,2025-04-29 17:14:10.066,2025-05-29 17:19:08.066
28,122,4,1227624,2025-04-29 17:14:10.069,2025-05-29 17:19:08.069
29,88,2,614880,2025-04-29 17:14:10.072,2025-05-29 17:19:08.072
30,70,1,1660111,2025-04-29 17:14:10.075,2025-05-29 17:19:08.075
31,62,3,1079233,2025-04-29 17:14:10.078,2025-05-29 17:19:08.078
32,165,2,507246,2025-04-29 17:14:10.081,2025-05-29 17:19:08.081
33,170,1,523758,2025-04-29 17:14:10.084,2025-05-29 17:19:08.084
34,118,4,407052,2025-04-29 17:14:10.087,2025-05-29 17:19:08.087
35,74,1,652901,2025-04-29 17:14:10.090,2025-05-29 17:19:08.090
36,129,4,597307,2025-04-29 17:14:10.093,2025-05-29 17:19:08.093
37,186,4,881804,2025-04-29 17:14:10.096,2025-05-29 17:34:18.096
38,139,4,307251,2025-04-29 17:14:10.099,2025-05-29 17:34:18.099
39,72,3,692305,2025-04-29 17:14:10.102,2025-05-29 17:34:18.102
40,98,2,875912,2025-04-29 17:14:10.105,2025-05-29 17:34:18.105
41,75,2,140454,2025-04-29 17:14:10.108,2025-05-29 17:34:18.108
42,68,3,634305,2025-04-29 17:14:10.111,2025-05-29 17:34:18.111
43,185,2,585725,2025-04-29 17:14:10.114,2025-05-29 17:34:18.114
44,82,2,229129,2025-04-29 17:14:10.117,2025-05-29 17:34:18.117
45,100,2,256086,2025-04-29 17:14:10.120,2025-05-29 17:34:18.120
46,10,2,1070205,2025-04-29 17:14:10.123,2025-05-29 17:34:18.123
47,28,3,897826,2025-04-29 17:14:10.126,2025-05-29 17:34:18.126
48,46,2,1057473,2025-04-29 17:14:10.129,2025-05-29 17:34:18.129
49,194,1,700802,2025-05-07 00:11:55.000,2025-06-03 00:16:58.000
50,69,2,620872,2025-05-07 00:11:55.003,2025-06-03 00:16:58.003
51,15,4,454889,2025-05-07 00:11:55.006,2025-06-03 00:16:58.006
52,43,3,633956,2025-05-07 00:11:55.009,2025-06-03 00:16:58.009
53,66,3,358753,2025-05-07 00:11:55.012,2025-06-03 00:16:58.012
54,198,4,1119488,2025-05-27 05:48:56.000,2025-06-15 06:01:28.000
55,10,4,1325416,2025-05-27 05:48:56.003,2025-06-15 06:20:44.003
56,105,4,523911,2025-05-27 05:48:56.006,2025-06-15 06:20:44.006
57,142,3,1493014,2025-05-27 05:48:56.009,2025-06-18 06:30:53.009
58,129,3,229129,2025-05-27 05:48:56.012,2025-06-18 06:30:53.012
59,59,2,476757,2025-05-27 05:48:56.015,2025-06-22 06:12:48.015
60,173,2,764979,2025-05-27 05:48:56.018,2025-06-22 06:12:48.018
61,49,2,1282585,2025-05-27 05:48:56.021,2025-06-24 12:09:42.061
62,159,4,620872,2025-05-27 05:48:56.024,2025-06-24 12:09:42.064
63,65,3,323151,2025-05-27 05:48:56.027,2025-06-24 12:09:42.067
64,120,4,580720,2025-05-27 05:48:56.030,2025-06-24 12:09:42.070
65,128,1,316025,2025-05-27 05:48:56.033,2025-06-24 12:09:42.073
66,90,4,1570032,2025-05-27 05:48:56.036,2025-06-24 12:09:42.076
67,178,2,721728,2025-05-27 05:48:56.039,2025-06-24 12:09:42.079
68,161,1,565870,2025-05-27 05:48:56.042,2025-06-24 12:09:42.082
69,148,4,279537,2025-05-27 05:48:56.045,2025-06-24 12:09:42.085
70,88,3,1959995,2025-05-27 05:48:56.048,2025-06-24 12:09:42.088
71,108,1,1582464,2025-05-27 05:48:56.051,2025-06-24 12:09:42.091
72,2,1,484937,2025-05-27 05:48:56.054,2025-06-24 12:09:42.094
73,47,2,869016,2025-05-27 05:48:56.057,2025-06-24 12:09:42.097
74,19,4,220312,2025-05-27 05:48:56.060,2025-06-24 12:09:42.100
75,180,2,610279,2025-05-27 05:48:56.063,2025-06-24 12:09:42.103
76,180,2,1465865,2025-05-27 05:48:56.066,2025-06-24 12:09:42.106
77,124,3,623858,2025-05-27 05:48:56.069,2025-06-24 12:09:42.109
78,146,4,251583,2025-05-27 05:48:56.072,2025-06-24 12:09:42.112
79,156,1,290182,2025-05-27 05:48:56.075,2025-06-24 12:09:42.115
80,182,2,1416725,2025-05-27 05:48:56.078,2025-06-24 12:09:42.118
81,152,2,679071,2025-05-27 05:48:56.081,2025-06-24 12:09:42.121
82,170,3,1007509,2025-05-27 05:48:56.084,2025-06-24 12:09:42.124
83,189,1,965665,2025-05-27 05:48:56.087,2025-06-24 12:09:42.127
84,178,1,1440817,2025-05-27 05:48:56.090,2025-06-24 12:09:42.130
85,6,1,608210,2025-05-27 05:48:56.093,2025-06-24 12:09:42.133
86,187,4,634094,2025-05-27 05:48:56.096,2025-06-24 12:09:42.136
87,71,3,1021948,2025-05-27 05:48:56.099,2025-06-24 12:09:42.139
88,94,2,1194277,2025-05-27 05:48:56.102,2025-06-24 12:09:42.142
89,60,4,936621,2025-05-27 05:48:56.105,2025-06-24 12:09:42.145
90,33,3,933451,2025-05-27 05:48:56.108,2025-06-24 12:09:42.148
91,186,3,568800,2025-05-27 05:48:56.111,2025-06-24 12:09:42.151
92,4,2,724650,2025-05-27 05:48:56.114,2025-06-24 12:09:42.154
93,147,2,135695,2025-05-27 05:48:56.117,2025-06-24 12:09:42.157
94,174,2,811944,2025-05-27 05:48:56.120,2025-06-24 12:09:42.160
95,107,1,496448,2025-05-27 05:48:56.123,2025-06-24 12:09:42.163
96,99,3,701254,2025-05-27 05:48:56.126,2025-06-24 12:09:42.166
97,108,2,891056,2025-05-27 05:48:56.129,2025-06-24 12:09:42.169
98,91,2,929651,2025-05-27 05:48:56.132,2025-06-24 12:09:42.172
99,39,1,513919,2025-05-27 05:48:56.135,2025-06-24 12:09:42.175
100,78,2,470319,2025-05-27 05:48:56.138,2025-06-24 12:09:42.178
101,77,4,737286,2025-05-27 05:48:56.141,2025-06-24 12:09:42.181
102,101,4,266391,2025-05-27 05:48:56.144,2025-06-24 12:09:42.184
103,179,1,868348,2025-05-27 05:48:56.147,2025-06-24 12:09:42.187
104,36,4,737286,2025-05-27 05:48:56.150,2025-06-24 12:09:42.190
105,192,4,692488,2025-05-27 05:48:56.153,2025-06-24 12:09:42.193
106,48,1,724278,2025-05-27 05:48:56.156,2025-06-24 12:09:42.196
107,109,3,1016904,2025-05-27 05:48:56.159,2025-06-24 12:09:42.199
108,101,2,1827654,2025-05-27 05:48:56.162,2025-06-24 12:09:42.202
109,32,2,351139,2025-05-27 05:48:56.165,2025-06-24 12:09:42.205
110,142,3,589228,2025-05-27 05:48:56.168,2025-06-24 12:09:42.208
111,84,3,1550242,2025-05-27 05:48:56.171,2025-06-24 12:09:42.211
112,69,2,692488,2025-05-27 05:48:56.174,2025-06-24 12:09:42.214
113,54,1,869016,2025-05-27 05:48:56.177,2025-06-24 12:09:42.217
114,15,4,1125734,2025-05-27 05:48:56.180,2025-06-24 12:09:42.220
115,142,2,128156,2025-05-27 05:48:56.183,2025-06-24 12:09:42.223
116,159,1,738849,2025-05-27 05:48:56.186,2025-06-24 12:09:42.226
117,39,4,484688,2025-05-27 05:48:56.189,2025-06-24 12:09:42.229
118,146,1,601955,2025-05-27 05:48:56.192,2025-06-24 12:09:42.232
119,179,1,262864,2025-05-27 05:48:56.195,2025-06-24 12:09:42.235
120,158,3,772033,2025-05-27 05:48:56.198,2025-06-24 12:09:42.238
121,114,4,612080,2025-05-27 05:48:56.201,2025-06-24 12:09:42.241
122,198,2,251321,2025-05-27 05:48:56.204,2025-06-24 12:09:42.244
123,94,4,702215,2025-05-27 05:48:56.207,2025-06-24 12:09:42.247
124,124,4,597307,2025-05-27 05:48:56.210,2025-06-24 12:09:42.250
125,150,3,1462644,2025-05-27 05:48:56.213,2025-06-24 12:09:42.253
126,123,2,128494,2025-05-27 05:48:56.216,2025-06-24 12:09:42.256
127,23,2,1327483,2025-05-27 05:48:56.219,2025-06-24 12:09:42.259
128,161,3,643802,2025-05-27 05:48:56.222,2025-06-24 12:09:42.262
129,183,3,684040,2025-05-27 05:48:56.225,2025-06-24 12:09:42.265
130,83,4,1341049,2025-05-27 05:48:56.228,2025-06-24 12:09:42.268
131,196,3,583494,2025-05-27 05:48:56.231,2025-06-24 12:09:42.271
132,170,4,667104,2025-05-27 05:48:56.234,2025-06-24 12:09:42.274
133,103,2,1104265,2025-05-27 05:48:56.237,2025-06-24 12:09:42.277
134,1,4,804756,2025-05-27 05:48:56.240,2025-06-24 12:09:42.280
135,104,2,899140,2025-05-27 05:48:56.243,2025-06-24 12:09:42.283
136,103,4,1463194,2025-05-27 05:48:56.246,2025-06-24 12:09:42.286
137,124,2,1388862,2025-05-27 05:48:56.249,2025-06-24 12:09:42.289
138,50,3,265560,2025-05-27 05:48:56.252,2025-06-24 12:09:42.292
139,71,1,1662997,2025-05-27 05:48:56.255,2025-06-24 12:09:42.295
140,70,4,277555,2025-05-27 05:48:56.258,2025-06-24 12:09:42.298
141,108,4,2065927,2025-05-27 05:48:56.261,2025-06-24 12:09:42.301
142,89,3,768119,2025-05-27 05:48:56.264,2025-06-24 12:09:42.304
143,133,2,728891,2025-05-27 05:48:56.267,2025-06-24 12:09:42.307
144,194,2,83587,2025-05-27 05:48:56.270,2025-06-24 12:09:42.310
145,101,2,581534,2025-05-27 05:48:56.273,2025-06-24 12:09:42.313
146,50,2,399932,2025-05-27 05:48:56.276,2025-06-24 12:09:42.316
147,139,1,591435,2025-05-27 05:48:56.279,2025-06-24 12:09:42.319
148,96,3,874637,2025-05-27 05:48:56.282,2025-06-24 12:09:42.322
149,149,3,1161972,2025-05-27 05:48:56.285,2025-06-24 12:09:42.325
150,113,1,798907,2025-05-27 05:48:56.288,2025-06-24 12:09:42.328
151,8,4,686677,2025-05-27 05:48:56.291,2025-06-24 12:09:42.331
152,184,4,437463,2025-05-27 05:48:56.294,2025-06-24 12:09:42.334
153,163,2,995799,2025-05-27 05:48:56.297,2025-06-24 12:09:42.337
154,98,3,751538,2025-05-27 05:48:56.300,2025-06-24 12:09:42.340
155,75,2,294603,2025-05-27 05:48:56.303,2025-06-24 12:09:42.343
156,13,3,575567,2025-05-27 05:48:56.306,2025-06-24 12:09:42.346
157,51,2,279537,2025-05-27 05:48:56.309,2025-06-24 12:09:42.349
158,39,4,610279,2025-05-27 05:48:56.312,2025-06-24 12:09:42.352
159,127,3,133431,2025-05-27 05:48:56.315,2025-06-24 12:09:42.355
160,29,1,738849,2025-05-27 05:48:56.318,2025-06-24 12:09:42.358
161,136,1,556493,2025-05-27 05:48:56.321,2025-06-24 12:09:42.361
162,66,1,267028,2025-05-27 05:48:56.324,2025-06-24 12:09:42.364
163,134,2,398614,2025-05-27 05:48:56.327,2025-06-24 12:09:42.367
164,23,3,724650,2025-05-27 05:48:56.330,2025-06-24 12:09:42.370
165,39,3,1349067,2025-05-27 05:48:56.333,2025-06-24 12:09:42.373
166,140,3,305908,2025-05-27 05:48:56.336,2025-06-24 12:09:42.376
167,179,2,322338,2025-05-27 05:48:56.339,2025-06-24 12:09:42.379
168,120,2,416491,2025-05-27 05:48:56.342,2025-06-24 12:09:42.382
169,136,1,514981,2025-05-27 05:48:56.345,2025-06-24 12:09:42.385
170,81,2,496533,2025-05-27 05:48:56.348,2025-06-24 12:09:42.388
171,50,4,861579,2025-05-27 05:48:56.351,2025-06-24 12:09:42.391
172,6,4,719016,2025-05-27 05:48:56.354,2025-06-24 12:09:42.394
173,93,3,1412269,2025-05-27 05:48:56.357,2025-06-24 12:09:42.397
174,74,1,1600825,2025-05-27 05:48:56.360,2025-06-24 12:09:42.400
175,30,2,730508,2025-05-27 05:48:56.363,2025-06-24 12:09:42.403
176,137,1,347374,2025-05-27 05:48:56.366,2025-06-24 12:09:42.406
177,127,4,156359,2025-05-27 05:48:56.369,2025-06-24 12:09:42.409
178,135,4,394141,2025-05-27 05:48:56.372,2025-06-24 12:09:42.412
179,180,4,873633,2025-05-27 05:48:56.375,2025-06-24 12:09:42.415
180,123,2,534432,2025-05-27 05:48:56.378,2025-06-24 12:09:42.418
181,68,3,959937,2025-05-27 05:48:56.381,2025-06-24 12:09:42.421
182,184,3,496086,2025-05-27 05:48:56.384,2025-06-24 12:09:42.424
183,65,3,648729,2025-05-27 05:48:56.387,2025-06-24 12:09:42.427
184,21,1,527639,2025-05-27 05:48:56.390,2025-06-24 12:09:42.430
185,101,3,619962,2025-05-27 05:48:56.393,2025-06-24 12:09:42.433
186,85,1,499400,2025-05-27 05:48:56.396,2025-06-24 12:09:42.436
187,74,2,787173,2025-05-27 05:48:56.399,2025-06-24 12:09:42.439
188,146,3,1148015,2025-05-27 05:48:56.402,2025-06-24 12:09:42.442
189,185,4,280911,2025-05-27 05:48:56.405,2025-06-24 12:09:42.445
190,196,2,1524670,2025-05-27 05:48:56.408,2025-06-24 12:09:42.448
191,153,2,620111,2025-05-27 05:48:56.411,2025-06-24 12:09:42.451
192,164,3,570875,2025-05-27 05:48:56.414,2025-06-24 12:09:42.454
193,12,2,825236,2025-05-27 05:48:56.417,2025-06-24 12:09:42.457
194,156,4,1361360,2025-05-27 05:48:56.420,2025-06-24 12:09:42.460
195,105,3,1242616,2025-05-27 05:48:56.423,2025-06-24 12:09:42.463
196,158,1,358753,2025-05-27 05:48:56.426,2025-06-24 12:09:42.466
197,71,4,1489385,2025-05-27 05:48:56.429,2025-06-24 12:09:42.469
198,56,4,1350909,2025-05-27 05:48:56.432,2025-06-24 12:09:42.472
199,182,2,131670,2025-05-27 05:48:56.435,2025-06-24 12:09:42.475
200,11,4,440510,2025-05-27 05:48:56.438,2025-06-24 12:09:42.478
201,158,3,120935,2025-05-27 05:48:56.441,2025-06-24 12:09:42.481
202,192,2,1370714,2025-05-27 05:48:56.444,2025-06-24 12:09:42.484
203,43,2,639245,2025-05-27 05:48:56.447,2025-06-24 12:09:42.487
204,156,2,251321,2025-05-27 05:48:56.450,2025-06-24 12:09:42.490
205,33,4,994949,2025-05-27 05:48:56.453,2025-06-24 12:09:42.493
206,68,2,370956,2025-05-27 05:48:56.456,2025-06-24 12:09:42.496
207,11,3,1128359,2025-05-27 05:48:56.459,2025-06-24 12:09:42.499
208,170,1,784003,2025-05-27 05:48:56.462,2025-06-24 12:09:42.502
209,19,4,325148,2025-05-27 05:48:56.465,2025-06-24 12:09:42.505
210,82,2,614495,2025-05-27 05:48:56.468,2025-06-24 12:09:42.508
211,50,3,695589,2025-05-27 05:48:56.471,2025-06-24 12:09:42.511
212,17,1,922168,2025-05-27 05:48:56.474,2025-06-24 12:09:42.514
213,64,1,395051,2025-05-27 05:48:56.477,2025-06-24 12:09:42.517
214,185,2,779896,2025-05-27 05:48:56.480,2025-06-24 12:09:42.520
215,110,3,693176,2025-05-27 05:48:56.483,2025-06-24 12:09:42.523
216,191,2,502995,2025-05-27 05:48:56.486,2025-06-24 12:09:42.526
217,62,3,693176,2025-05-27 05:48:56.489,2025-06-24 12:09:42.529
218,186,2,1542491,2025-05-27 05:48:56.492,2025-06-24 12:09:42.532
219,44,3,802743,2025-05-27 05:48:56.495,2025-06-24 12:09:42.535
220,125,1,256086,2025-05-27 05:48:56.498,2025-06-24 12:09:42.538
221,95,3,822795,2025-05-27 05:48:56.501,2025-06-24 12:09:42.541
222,68,3,1553505,2025-05-27 05:48:56.504,2025-06-24 12:09:42.544
223,56,3,1090870,2025-05-27 05:48:56.507,2025-06-24 12:09:42.547
224,86,1,284933,2025-05-27 05:48:56.510,2025-06-24 12:09:42.550
225,99,3,1143893,2025-05-27 05:48:56.513,2025-06-24 12:09:42.553
226,76,4,738369,2025-05-27 05:48:56.516,2025-06-24 12:09:42.556
227,125,2,610569,2025-05-27 05:48:56.519,2025-06-24 12:09:42.559
228,16,4,251583,2025-05-27 05:48:56.522,2025-06-24 12:09:42.562
229,58,3,392483,2025-05-27 05:48:56.525,2025-06-24 12:09:42.565
230,123,3,758307,2025-05-27 05:48:56.528,2025-06-24 12:09:42.568
231,49,1,120618,2025-05-27 05:48:56.531,2025-06-24 12:09:42.571
232,155,3,1106978,2025-05-27 05:48:56.534,2025-06-24 12:09:42.574
233,92,2,785690,2025-05-27 05:48:56.537,2025-06-24 12:09:42.577
234,128,3,305908,2025-05-27 05:48:56.540,2025-06-24 12:09:42.580
235,45,4,304973,2025-05-27 05:48:56.543,2025-06-24 12:09:42.583
236,118,2,541758,2025-05-27 05:48:56.546,2025-06-24 12:09:42.586
237,18,3,237606,2025-05-27 05:48:56.549,2025-06-24 12:09:42.589
238,24,3,650335,2025-05-27 05:48:56.552,2025-06-24 12:09:42.592
239,137,4,719016,2025-05-27 05:48:56.555,2025-06-24 12:09:42.595
240,69,4,878162,2025-05-27 05:48:56.558,2025-06-24 12:09:42.598
241,71,3,732156,2025-05-27 05:48:56.561,2025-06-24 12:09:42.601
242,125,2,896270,2025-05-27 05:48:56.564,2025-06-24 12:09:42.604
243,151,2,428368,2025-05-27 05:48:56.567,2025-06-24 12:09:42.607
244,59,4,128494,2025-05-27 05:48:56.570,2025-06-24 12:09:42.610
245,108,3,160280,2025-05-27 05:48:56.573,2025-06-24 12:09:42.613
246,192,2,119326,2025-05-27 05:48:56.576,2025-06-24 12:09:42.616
247,106,3,306993,2025-05-27 05:48:56.579,2025-06-24 12:09:42.619
248,98,1,1510934,2025-05-27 05:48:56.582,2025-06-24 12:09:42.622
249,172,3,190332,2025-05-27 05:48:56.585,2025-06-24 12:09:42.625
250,6,4,2086170,2025-05-27 05:48:56.588,2025-06-24 12:09:42.628
251,100,3,873633,2025-05-27 05:48:56.591,2025-06-24 12:09:42.631
252,102,4,558100,2025-05-27 05:48:56.594,2025-06-24 12:09:42.634
253,94,2,612080,2025-05-27 05:48:56.597,2025-06-24 12:09:42.637
254,188,4,510460,2025-05-27 05:48:56.600,2025-06-24 12:09:42.640
255,93,4,639433,2025-05-27 05:48:56.603,2025-06-24 12:09:42.643
256,54,3,1084244,2025-05-27 05:48:56.606,2025-06-24 12:09:42.646
257,106,3,602590,2025-05-27 05:48:56.609,2025-06-24 12:09:42.649
258,173,4,822646,2025-05-27 05:48:56.612,2025-06-24 12:09:42.652
259,108,4,881804,2025-05-27 05:48:56.615,2025-06-24 12:09:42.655
260,24,1,1529522,2025-05-27 05:48:56.618,2025-06-24 12:09:42.658
261,160,4,351139,2025-05-27 05:48:56.621,2025-06-24 12:09:42.661
262,85,3,604367,2025-05-27 05:48:56.624,2025-06-24 12:09:42.664
263,22,3,314151,2025-05-27 05:48:56.627,2025-06-24 12:09:42.667
264,147,3,922168,2025-05-27 05:48:56.630,2025-06-24 12:09:42.670
265,82,1,619343,2025-05-27 05:48:56.633,2025-06-24 12:09:42.673
266,27,3,120618,2025-05-27 05:48:56.636,2025-06-24 12:09:42.676
267,174,3,499400,2025-05-27 05:48:56.639,2025-06-24 12:09:42.679
268,2,2,765100,2025-05-27 05:48:56.642,2025-06-24 12:09:42.682
269,92,1,1023915,2025-05-27 05:48:56.645,2025-06-24 12:09:42.685
270,82,3,889135,2025-05-27 05:48:56.648,2025-06-24 12:09:42.688
271,8,3,1755932,2025-05-27 05:48:56.651,2025-06-24 12:09:42.691
272,198,3,1139683,2025-05-27 06:05:59.000,2025-06-24 12:09:42.694
273,112,3,684158,2025-05-27 06:05:59.003,2025-06-24 12:09:42.697
274,97,2,440510,2025-05-27 06:05:59.006,2025-06-24 12:09:42.700
275,129,1,133431,2025-05-27 06:05:59.009,2025-06-24 12:09:42.703
276,67,2,654347,2025-05-27 06:05:59.012,2025-06-24 12:09:42.706
277,98,1,888101,2025-05-27 06:05:59.015,2025-06-24 12:09:42.709
278,150,4,850772,2025-05-27 06:05:59.018,2025-06-24 12:09:42.712
279,45,1,825565,2025-05-27 06:05:59.021,2025-06-24 12:09:42.715
280,1,4,1525417,2025-05-27 06:05:59.024,2025-06-24 12:09:42.718
281,23,1,1336949,2025-05-27 06:05:59.027,2025-06-24 12:09:42.721
282,65,4,318891,2025-05-27 06:05:59.030,2025-06-24 12:09:42.724
283,183,3,2520120,2025-05-27 06:05:59.033,2025-06-24 12:09:42.727
284,116,1,1293508,2025-05-27 06:05:59.036,2025-06-24 12:09:42.730
285,45,3,743343,2025-05-27 06:05:59.039,2025-06-24 12:09:42.733
286,99,1,104484,2025-05-27 06:05:59.042,2025-06-24 12:09:42.736
287,106,3,1631711,2025-05-27 06:05:59.045,2025-06-24 12:09:42.739
288,200,4,605860,2025-05-27 12:56:06.000,2025-06-24 12:09:42.742
289,171,4,686160,2025-05-27 12:56:06.003,2025-06-24 12:09:42.745
290,29,2,112363,2025-05-27 12:56:06.006,2025-06-24 12:09:42.748
291,86,2,406435,2025-05-27 12:56:06.009,2025-06-24 12:09:42.751
292,99,4,776562,2025-05-27 12:56:06.012,2025-06-24 12:09:42.754
293,138,1,1227395,2025-05-27 12:56:06.015,2025-06-24 12:09:42.757
294,100,2,1318365,2025-05-27 12:56:06.018,2025-06-24 12:09:42.760
295,153,3,768119,2025-05-27 12:56:06.021,2025-06-24 12:09:42.763
296,190,2,406435,2025-05-27 12:56:06.024,2025-06-24 12:09:42.766
297,93,3,888583,2025-05-27 12:56:06.027,2025-06-24 12:09:42.769
298,4,1,1690145,2025-05-27 12:56:06.030,2025-06-24 12:09:42.772
299,166,3,772033,2025-05-27 12:56:06.033,2025-06-24 12:09:42.775
300,25,3,290182,2025-05-27 12:56:06.036,2025-06-24 12:09:42.778
301,162,2,1490554,2025-05-27 12:56:06.039,2025-06-24 12:09:42.781
302,177,3,158816,2025-05-27 12:56:06.042,2025-06-24 12:09:42.784
303,167,4,667104,2025-05-27 12:56:06.045,2025-06-24 12:09:42.787
304,180,1,858676,2025-05-27 12:56:06.048,2025-06-24 12:09:42.790
305,112,1,183005,2025-05-27 12:56:06.051,2025-06-24 12:09:42.793
306,86,3,691307,2025-05-27 12:56:06.054,2025-06-24 12:09:42.796
307,182,4,967900,2025-05-27 12:56:06.057,2025-06-24 12:09:42.799
308,146,2,1973708,2025-05-27 12:56:06.060,2025-06-24 12:09:42.802
309,149,4,470211,2025-05-27 12:56:06.063,2025-06-24 12:09:42.805
310,55,4,953393,2025-05-27 12:56:06.066,2025-06-24 12:09:42.808
311,21,1,675789,2025-05-27 12:56:06.069,2025-06-24 12:09:42.811
312,37,3,144722,2025-05-27 12:56:06.072,2025-06-24 12:09:42.814
313,161,2,700802,2025-05-27 12:56:06.075,2025-06-24 12:09:42.817
314,46,4,1276327,2025-05-27 12:56:06.078,2025-06-24 12:09:42.820
315,23,3,136052,2025-05-27 12:56:06.081,2025-06-24 12:09:42.823
316,128,4,623858,2025-05-27 12:56:06.084,2025-06-24 12:09:42.826
317,38,4,902980,2025-05-27 12:56:06.087,2025-06-24 12:09:42.829
318,86,2,350730,2025-05-27 12:56:06.090,2025-06-24 12:09:42.832
319,133,4,469123,2025-05-27 12:56:06.093,2025-06-24 12:09:42.835
320,25,2,331429,2025-05-27 12:56:06.096,2025-06-24 12:09:42.838
321,34,1,2000715,2025-05-27 12:56:06.099,2025-06-24 12:09:42.841
322,154,1,471584,2025-05-27 12:56:06.102,2025-06-24 12:09:42.844
323,84,4,273112,2025-05-27 12:56:06.105,2025-06-24 12:09:42.847
324,35,3,1238164,2025-05-27 12:56:06.108,2025-06-24 12:09:42.850
325,170,4,857814,2025-05-27 12:56:06.111,2025-06-24 12:09:42.853
326,88,4,745402,2025-05-27 12:56:06.114,2025-06-24 12:09:42.856
327,165,3,652901,2025-05-27 12:56:06.117,2025-06-24 12:09:42.859
328,93,1,566520,2025-05-27 12:56:06.120,2025-06-24 12:09:42.862
329,127,4,656041,2025-05-27 12:56:06.123,2025-06-24 12:09:42.865
330,16,1,201949,2025-05-27 12:56:06.126,2025-06-24 12:09:42.868
331,21,3,728935,2025-05-27 12:56:06.129,2025-06-24 12:09:42.871
332,120,2,1164539,2025-05-27 12:56:06.132,2025-06-24 12:09:42.874
333,43,3,738369,2025-05-27 12:56:06.135,2025-06-24 12:09:42.877
334,164,3,323151,2025-05-27 12:56:06.138,2025-06-24 12:09:42.880
335,147,1,814815,2025-05-27 12:56:06.141,2025-06-24 12:09:42.883
336,80,2,1162689,2025-05-27 12:56:06.144,2025-06-24 12:09:42.886
337,198,1,307251,2025-05-27 12:56:06.147,2025-06-24 12:09:42.889
338,193,2,694935,2025-05-27 12:56:06.150,2025-06-24 12:09:42.892
339,10,4,1017704,2025-05-27 12:56:06.153,2025-06-24 12:09:42.895
340,123,2,558599,2025-05-27 12:56:06.156,2025-06-24 12:09:42.898
341,42,1,1259722,2025-05-27 12:56:06.159,2025-06-24 12:09:42.901
342,147,2,806643,2025-05-27 12:56:06.162,2025-06-24 12:09:42.904
343,200,2,1032213,2025-05-27 12:56:06.165,2025-06-24 12:09:42.907
344,177,2,627033,2025-05-27 12:56:06.168,2025-06-24 12:09:42.910
345,93,3,584973,2025-05-27 12:56:06.171,2025-06-24 12:09:42.913
346,153,2,1965650,2025-05-27 12:56:06.174,2025-06-24 12:09:42.916
347,120,3,265560,2025-05-27 12:56:06.177,2025-06-24 12:09:42.919
348,135,3,776943,2025-05-27 12:56:06.180,2025-06-24 12:09:42.922
349,168,3,200350,2025-05-27 12:56:06.183,2025-06-24 12:09:42.925
350,100,1,556953,2025-05-27 12:56:06.186,2025-06-24 12:09:42.928
351,142,2,546560,2025-05-27 12:56:06.189,2025-06-24 12:09:42.931
352,103,3,318891,2025-05-27 12:56:06.192,2025-06-24 12:09:42.934
353,14,2,1002257,2025-05-27 12:56:06.195,2025-06-24 12:09:42.937
354,73,1,580003,2025-05-27 12:56:06.198,2025-06-24 12:09:42.940
355,138,1,469123,2025-05-27 12:56:06.201,2025-06-24 12:09:42.943
356,166,3,843949,2025-05-27 12:56:06.204,2025-06-24 12:09:42.946
357,112,1,939423,2025-05-27 12:56:06.207,2025-06-24 12:09:42.949
358,166,2,979782,2025-05-27 12:56:06.210,2025-06-24 12:09:42.952
359,117,1,740802,2025-05-27 12:56:06.213,2025-06-24 12:09:42.955
360,82,1,835898,2025-05-27 12:56:06.216,2025-06-24 12:09:42.958
361,190,1,605860,2025-05-27 12:56:06.219,2025-06-24 12:09:42.961
362,13,3,922795,2025-05-27 12:56:06.222,2025-06-24 12:09:42.964
363,196,1,860280,2025-05-27 12:56:06.225,2025-06-24 12:09:42.967
364,37,2,1513907,2025-05-27 12:56:06.228,2025-06-24 12:09:42.970
365,122,3,1353481,2025-05-27 12:56:06.231,2025-06-24 12:09:42.973
366,64,3,572124,2025-05-27 12:56:06.234,2025-06-24 12:09:42.976
367,50,4,950795,2025-05-27 12:56:06.237,2025-06-24 12:09:42.979
368,28,2,697802,2025-05-27 12:56:06.240,2025-06-24 12:09:42.982
369,74,2,773541,2025-05-27 12:56:06.243,2025-06-24 12:09:42.985
370,9,1,322338,2025-05-27 12:56:06.246,2025-06-24 12:09:42.988
371,157,2,383312,2025-05-27 12:56:06.249,2025-06-24 12:09:42.991
372,13,1,658156,2025-05-27 12:56:06.252,2025-06-24 12:09:42.994
373,117,4,1005739,2025-05-27 12:56:06.255,2025-06-24 12:09:42.997
374,150,3,702215,2025-05-27 12:56:06.258,2025-06-24 12:09:43.000
375,172,3,670278,2025-05-27 12:56:06.261,2025-06-24 12:09:43.000
376,193,1,1079217,2025-05-27 12:56:06.264,2025-06-24 12:09:43.000
377,85,2,1290510,2025-05-27 12:56:06.267,2025-06-24 12:09:43.000
378,141,3,1157306,2025-05-27 12:56:06.270,2025-06-24 12:09:43.000
379,44,2,1691571,2025-05-27 12:56:06.273,2025-06-24 12:09:43.000
380,1,4,1410143,2025-05-27 12:56:06.276,2025-06-24 12:09:43.000
381,119,4,88811,2025-05-27 12:56:06.279,2025-06-24 12:09:43.000
382,56,3,181200,2025-05-27 12:56:06.282,2025-06-24 12:09:43.000
383,21,1,493814,2025-05-27 12:56:06.285,2025-06-24 12:09:43.000
384,134,1,771930,2025-05-27 12:56:06.288,2025-06-24 12:09:43.000
385,102,4,642399,2025-05-27 12:56:06.291,2025-06-24 12:09:43.000
386,192,1,820943,2025-05-27 12:56:06.294,2025-06-24 12:09:43.000
387,54,3,667104,2025-05-27 12:56:06.297,2025-06-24 12:09:43.000
388,167,3,350730,2025-05-27 12:56:06.300,2025-06-24 12:09:43.000
389,50,4,857814,2025-05-27 12:56:06.303,2025-06-24 12:09:43.000
390,53,4,926002,2025-05-27 12:56:06.306,2025-06-24 12:09:43.000
391,101,3,655520,2025-05-27 12:56:06.309,2025-06-24 12:09:43.000
392,10,4,808681,2025-05-27 12:56:06.312,2025-06-24 12:09:43.000
393,19,2,656754,2025-05-27 12:56:06.315,2025-06-24 12:09:43.000
394,6,2,372650,2025-05-27 12:56:06.318,2025-06-24 12:09:43.000
395,114,3,1181904,2025-05-27 12:56:06.321,2025-06-24 12:09:43.000
396,123,3,540631,2025-05-27 12:56:06.324,2025-06-24 12:09:43.000
397,143,2,779896,2025-05-27 12:56:06.327,2025-06-24 12:09:43.000
398,83,2,411730,2025-05-27 12:56:06.330,2025-06-24 12:09:43.000
399,163,4,149157,2025-05-27 12:56:06.333,2025-06-24 12:09:43.000
400,47,2,214571,2025-05-27 12:56:06.336,2025-06-24 12:09:43.000
401,93,2,455685,2025-05-27 12:56:06.339,2025-06-24 12:09:43.000
402,33,1,658156,2025-05-27 12:56:06.342,2025-06-24 12:09:43.000
403,49,3,200350,2025-05-27 12:56:06.345,2025-06-24 12:09:43.000
404,55,3,394141,2025-05-27 12:56:06.348,2025-06-24 12:09:43.000
405,148,4,1003663,2025-05-27 12:56:06.351,2025-06-24 12:09:43.000
406,160,2,398614,2025-05-27 12:56:06.354,2025-06-24 12:09:43.000
407,155,1,654889,2025-05-27 12:56:06.357,2025-06-24 12:09:43.000
408,48,3,507444,2025-05-27 12:56:06.360,2025-06-24 12:09:43.000
409,167,1,673087,2025-05-27 12:56:06.363,2025-06-24 12:09:43.000
410,12,2,292071,2025-05-27 12:56:06.366,2025-06-24 12:09:43.000
411,76,4,438412,2025-05-27 12:56:06.369,2025-06-24 12:09:43.000
412,44,3,215175,2025-05-27 12:56:06.372,2025-06-24 12:09:43.000
413,193,4,290182,2025-05-27 12:56:06.375,2025-06-24 12:09:43.000
414,155,1,730325,2025-05-27 12:56:06.378,2025-06-24 12:09:43.000
415,8,3,1117476,2025-05-27 12:56:06.381,2025-06-24 12:09:43.000
416,171,2,1520079,2025-05-27 12:56:06.384,2025-06-24 12:09:43.000
417,29,2,239349,2025-05-27 12:56:06.387,2025-06-24 12:09:43.000
418,40,4,123067,2025-05-27 12:56:06.390,2025-06-24 12:09:43.000
419,78,3,825937,2025-05-27 12:56:06.393,2025-06-24 12:09:43.000
420,3,2,646191,2025-05-27 12:56:06.396,2025-06-24 12:09:43.000
421,128,4,256086,2025-05-27 12:56:06.399,2025-06-24 12:09:43.000
422,108,2,1249695,2025-05-27 12:56:06.402,2025-06-24 12:09:43.000
423,199,2,416491,2025-05-31 11:41:44.000,2025-06-24 12:09:43.000
424,101,4,350730,2025-05-31 11:41:44.003,2025-06-24 12:09:43.000
425,87,2,94036,2025-05-31 11:41:44.006,2025-06-24 12:09:43.000
426,47,4,1562389,2025-05-31 11:41:44.009,2025-06-24 12:09:43.000
427,63,1,1460093,2025-05-31 11:41:44.012,2025-06-24 12:09:43.000
428,166,1,1160998,2025-05-31 11:41:44.015,2025-06-24 12:09:43.000
429,46,4,341390,2025-05-31 11:41:44.018,2025-06-24 12:09:43.000
430,80,2,862801,2025-05-31 11:41:44.021,2025-06-24 12:09:43.000
431,24,1,1149039,2025-05-31 11:41:44.024,2025-06-24 12:09:43.000
432,66,2,463695,2025-05-31 11:41:44.027,2025-06-24 12:09:43.000
433,96,4,656041,2025-05-31 11:41:44.030,2025-06-24 12:09:43.000
434,83,3,575567,2025-05-31 11:41:44.033,2025-06-24 12:09:43.000
435,20,2,1137719,2025-05-31 11:41:44.036,2025-06-24 12:09:43.000
436,16,2,1241597,2025-05-31 11:41:44.039,2025-06-24 12:09:43.000
437,141,4,1028149,2025-05-31 11:41:44.042,2025-06-24 12:09:43.000
438,98,4,134241,2025-05-31 11:41:44.045,2025-06-24 12:09:43.000
439,119,2,826806,2025-05-31 11:41:44.048,2025-06-24 12:09:43.000
440,110,2,707909,2025-05-31 11:41:44.051,2025-06-24 12:09:43.000
441,189,4,702215,2025-05-31 11:41:44.054,2025-06-24 12:09:43.000
442,100,3,560006,2025-05-31 11:41:44.057,2025-06-24 12:09:43.000
443,140,1,523478,2025-05-31 11:41:44.060,2025-06-24 12:09:43.000
444,53,2,432145,2025-05-31 11:41:44.063,2025-06-24 12:09:43.000
445,8,3,585725,2025-05-31 11:41:44.066,2025-06-24 12:09:43.000
446,29,2,1412397,2025-05-31 11:41:44.069,2025-06-24 12:09:43.000
447,68,2,560006,2025-05-31 11:41:44.072,2025-06-24 12:09:43.000
448,182,2,927627,2025-05-31 11:41:44.075,2025-06-24 12:09:43.000
449,189,4,350730,2025-05-31 11:41:44.078,2025-06-24 12:09:43.000
450,198,3,987859,2025-05-31 11:41:44.081,2025-06-24 12:09:43.000
451,20,2,278562,2025-05-31 11:41:44.084,2025-06-24 12:09:43.000
452,15,4,1054926,2025-05-31 11:41:44.087,2025-06-24 12:09:43.000
453,142,4,1244232,2025-05-31 11:41:44.090,2025-06-24 12:09:43.000
454,146,3,817083,2025-05-31 11:41:44.093,2025-06-24 12:09:43.000
455,35,2,437463,2025-05-31 11:41:44.096,2025-06-24 12:09:43.000
456,5,1,143233,2025-05-31 11:41:44.099,2025-06-24 12:09:43.000
457,196,2,701600,2025-05-31 11:41:44.102,2025-06-24 12:09:43.000
458,190,3,483494,2025-05-31 11:41:44.105,2025-06-24 12:09:43.000
459,153,3,2013500,2025-05-31 11:41:44.108,2025-06-24 12:09:43.000
460,170,2,1505902,2025-05-31 11:41:44.111,2025-06-24 12:09:43.000
461,32,4,496089,2025-05-31 11:41:44.114,2025-06-24 12:09:43.000
462,50,3,1413154,2025-05-31 11:41:44.117,2025-06-24 12:09:43.000
463,181,3,692899,2025-05-31 11:41:44.120,2025-06-24 12:09:43.000
464,179,2,1484615,2025-05-31 11:41:44.123,2025-06-24 12:09:43.000
465,130,2,737610,2025-05-31 11:41:44.126,2025-06-24 12:09:43.000
466,170,4,499599,2025-05-31 11:41:44.129,2025-06-24 12:09:43.000
467,11,4,627033,2025-05-31 11:41:44.132,2025-06-24 12:09:43.000
468,157,4,1466056,2025-05-31 11:41:44.135,2025-06-24 12:09:43.000
469,4,2,1795945,2025-05-31 11:41:44.138,2025-06-24 12:09:43.000
470,27,4,601955,2025-05-31 11:41:44.141,2025-06-24 12:09:43.000
471,84,1,1127039,2025-05-31 11:41:44.144,2025-06-24 12:09:43.000
472,91,1,589633,2025-05-31 11:41:44.147,2025-06-24 12:09:43.000
473,24,4,273112,2025-05-31 11:41:44.150,2025-06-24 12:09:43.000
474,114,1,772033,2025-05-31 11:41:44.153,2025-06-24 12:09:43.000
475,157,3,318891,2025-05-31 11:41:44.156,2025-06-24 12:09:43.000
476,5,1,574149,2025-05-31 11:41:44.159,2025-06-24 12:09:43.000
477,129,3,318642,2025-05-31 11:41:44.162,2025-06-24 12:09:43.000
478,55,1,323903,2025-05-31 11:41:44.165,2025-06-24 12:09:43.000
479,32,2,620872,2025-05-31 11:41:44.168,2025-06-24 12:09:43.000
480,133,3,844993,2025-05-31 11:41:44.171,2025-06-24 12:09:43.000
481,78,4,924720,2025-05-31 11:41:44.174,2025-06-24 12:09:43.000
482,65,4,1846296,2025-05-31 11:41:44.177,2025-06-24 12:09:43.000
483,175,2,1332701,2025-05-31 11:41:44.180,2025-06-24 12:09:43.000
484,129,4,776280,2025-05-31 11:41:44.183,2025-06-24 12:09:43.000
485,152,2,832815,2025-05-31 11:41:44.186,2025-06-24 12:09:43.000
486,191,2,115828,2025-05-31 11:41:44.189,2025-06-24 12:09:43.000
487,101,2,1407510,2025-05-31 11:41:44.192,2025-06-24 12:09:43.000
488,144,3,410117,2025-05-31 11:41:44.195,2025-06-24 12:09:43.000
489,141,1,1446385,2025-05-31 11:41:44.198,2025-06-24 12:09:43.000
490,35,3,1704628,2025-05-31 11:41:44.201,2025-06-24 12:09:43.000
491,33,1,530532,2025-05-31 11:41:44.204,2025-06-24 12:09:43.000
492,8,1,558599,2025-05-31 11:41:44.207,2025-06-24 12:09:43.000
493,140,2,158816,2025-05-31 11:41:44.210,2025-06-24 12:09:43.000
494,132,1,596883,2025-05-31 11:41:44.213,2025-06-24 12:09:43.000
495,22,2,267508,2025-05-31 11:41:44.216,2025-06-24 12:09:43.000
496,82,1,820943,2025-05-31 11:41:44.219,2025-06-24 12:09:43.000
497,73,1,2087577,2025-05-31 11:41:44.222,2025-06-24 12:09:43.000
498,82,3,1512818,2025-05-31 11:41:44.225,2025-06-24 12:09:43.000
499,89,3,112363,2025-05-31 11:41:44.228,2025-06-24 12:09:43.000
500,165,2,914051,2025-05-31 11:41:44.231,2025-06-24 12:09:43.000
501,135,3,499400,2025-05-31 11:41:44.234,2025-06-24 12:09:43.000
502,69,1,527094,2025-05-31 11:41:44.237,2025-06-24 12:09:43.000
503,166,4,278562,2025-05-31 11:41:44.240,2025-06-24 12:09:43.000
504,35,1,763448,2025-05-31 11:41:44.243,2025-06-24 12:09:43.000
505,138,2,887437,2025-05-31 11:41:44.246,2025-06-24 12:09:43.000
506,182,3,534432,2025-05-31 11:41:44.249,2025-06-24 12:09:43.000
507,80,2,287914,2025-05-31 11:41:44.252,2025-06-24 12:09:43.000
508,116,4,1070670,2025-05-31 11:41:44.255,2025-06-24 12:09:43.000
509,70,2,144785,2025-05-31 11:41:44.258,2025-06-24 12:09:43.000
510,106,3,798510,2025-05-31 11:41:44.261,2025-06-24 12:09:43.000
511,172,1,1182916,2025-05-31 11:41:44.264,2025-06-24 12:09:43.000
512,106,4,686677,2025-05-31 11:41:44.267,2025-06-24 12:09:43.000
513,161,1,522322,2025-05-31 11:41:44.270,2025-06-24 12:09:43.000
514,194,1,540631,2025-05-31 11:41:44.273,2025-06-24 12:09:43.000
515,38,2,128156,2025-05-31 11:41:44.276,2025-06-24 12:09:43.000
516,66,4,767079,2025-05-31 11:41:44.279,2025-06-24 12:09:43.000
517,84,4,776943,2025-05-31 11:41:44.282,2025-06-24 12:09:43.000
518,157,2,1402640,2025-05-31 11:41:44.285,2025-06-24 12:09:43.000
519,196,2,1504152,2025-05-31 11:41:44.288,2025-06-24 12:09:43.000
520,55,1,708466,2025-05-31 11:41:44.291,2025-06-24 12:09:43.000
521,40,1,738369,2025-05-31 11:41:44.294,2025-06-24 12:09:43.000
522,116,2,298443,2025-05-31 11:41:44.297,2025-06-24 12:09:43.000
523,147,4,804753,2025-05-31 11:41:44.300,2025-06-24 12:09:43.000
524,165,3,697802,2025-05-31 11:41:44.303,2025-06-24 12:09:43.000
525,90,1,1271223,2025-05-31 11:41:44.306,2025-06-24 12:09:43.000
526,84,1,589400,2025-05-31 11:41:44.309,2025-06-24 12:09:43.000
527,196,1,815232,2025-05-31 11:41:44.312,2025-06-24 12:09:43.000
528,94,1,697802,2025-05-31 11:41:44.315,2025-06-24 12:09:43.000
529,160,3,201949,2025-05-31 11:41:44.318,2025-06-24 12:09:43.000
530,60,1,787173,2025-05-31 11:41:44.321,2025-06-24 12:09:43.000
531,40,4,341390,2025-05-31 11:41:44.324,2025-06-24 12:09:43.000
532,76,2,364046,2025-05-31 11:41:44.327,2025-06-24 12:09:43.000
533,28,3,698481,2025-05-31 11:41:44.330,2025-06-24 12:09:43.000
534,199,2,151169,2025-05-31 11:41:44.333,2025-06-24 12:09:43.000
535,60,2,1283033,2025-05-31 11:41:44.336,2025-06-24 12:09:43.000
536,44,3,664794,2025-05-31 11:41:44.339,2025-06-24 12:09:43.000
537,101,3,776943,2025-05-31 11:41:44.342,2025-06-24 12:09:43.000
538,186,1,614495,2025-05-31 11:41:44.345,2025-06-24 12:09:43.000
539,82,2,601955,2025-05-31 11:41:44.348,2025-06-24 12:09:43.000
540,46,3,425902,2025-05-31 11:41:44.351,2025-06-24 12:09:43.000
541,174,1,697937,2025-05-31 11:41:44.354,2025-06-24 12:09:43.000
542,67,3,560006,2025-05-31 11:41:44.357,2025-06-24 12:09:43.000
543,31,1,330048,2025-05-31 11:41:44.360,2025-06-24 12:09:43.000
544,3,4,481564,2025-05-31 11:41:44.363,2025-06-24 12:09:43.000
545,124,2,1233324,2025-05-31 11:41:44.366,2025-06-24 12:09:43.000
546,129,4,732137,2025-05-31 11:41:44.369,2025-06-24 12:09:43.000
547,8,3,1247137,2025-05-31 11:41:44.372,2025-06-24 12:09:43.000
548,84,4,648935,2025-05-31 11:41:44.375,2025-06-24 12:09:43.000
549,59,2,735783,2025-05-31 11:41:44.378,2025-06-24 12:09:43.000
550,31,2,843875,2025-05-31 11:41:44.381,2025-06-24 12:09:43.000
551,142,3,493144,2025-05-31 11:41:44.384,2025-06-24 12:09:43.000
552,87,4,215651,2025-05-31 11:41:44.387,2025-06-24 12:09:43.000
553,80,4,362630,2025-05-31 11:41:44.390,2025-06-24 12:09:43.000
554,92,3,223630,2025-05-31 11:41:44.393,2025-06-24 12:09:43.000
555,14,4,226500,2025-05-31 11:41:44.396,2025-06-24 12:09:43.000
556,181,1,726114,2025-05-31 11:41:44.399,2025-06-24 12:09:43.000
557,44,1,410117,2025-05-31 11:41:44.402,2025-06-24 12:09:43.000
558,16,1,433891,2025-05-31 11:41:44.405,2025-06-24 12:09:43.000
559,94,3,970727,2025-05-31 11:41:44.408,2025-06-24 12:09:43.000
560,159,4,287914,2025-05-31 11:41:44.411,2025-06-24 12:09:43.000
561,36,4,1302795,2025-05-31 11:41:44.414,2025-06-24 12:09:43.000
562,165,3,784640,2025-05-31 11:41:44.417,2025-06-24 12:09:43.000
563,1,1,99260,2025-05-31 11:41:44.420,2025-06-24 12:09:43.000
564,133,3,298468,2025-05-31 11:41:44.423,2025-06-24 12:09:43.000
565,8,3,605778,2025-05-31 11:41:44.426,2025-06-24 12:09:43.000
566,166,2,700802,2025-05-31 11:41:44.429,2025-06-24 12:09:43.000
567,8,3,566773,2025-05-31 11:41:44.432,2025-06-24 12:09:43.000
568,176,4,417897,2025-05-31 11:41:44.435,2025-06-24 12:09:43.000
569,144,1,765100,2025-05-31 11:41:44.438,2025-06-24 12:09:43.000
570,182,3,620111,2025-05-31 11:41:44.441,2025-06-24 12:09:43.000
571,108,2,614880,2025-05-31 11:41:44.444,2025-06-24 12:09:43.000
572,20,3,510460,2025-05-31 11:41:44.447,2025-06-24 12:09:43.000
573,62,1,1445733,2025-05-31 11:41:44.450,2025-06-24 12:09:43.000
574,61,1,1280060,2025-05-31 11:41:44.453,2025-06-24 12:09:43.000
575,20,3,386113,2025-05-31 11:41:44.456,2025-06-24 12:09:43.000
576,52,2,363911,2025-05-31 11:41:44.459,2025-06-24 12:09:43.000
577,75,3,984538,2025-05-31 11:41:44.462,2025-06-24 12:09:43.000
578,128,2,691531,2025-05-31 11:41:44.465,2025-06-24 12:09:43.000
579,161,2,143611,2025-05-31 11:41:44.468,2025-06-24 12:09:43.000
580,93,1,324320,2025-05-31 11:41:44.471,2025-06-24 12:09:43.000
581,29,1,602196,2025-05-31 11:41:44.474,2025-06-24 12:09:43.000
582,74,3,1440449,2025-05-31 11:41:44.477,2025-06-24 12:09:43.000
583,58,1,256086,2025-05-31 11:41:44.480,2025-06-24 12:09:43.000
584,124,2,143611,2025-05-31 11:41:44.483,2025-06-24 12:09:43.000
585,53,3,134241,2025-05-31 11:41:44.486,2025-06-24 12:09:43.000
586,93,4,731284,2025-05-31 11:41:44.489,2025-06-24 12:09:43.000
587,62,4,889544,2025-05-31 11:41:44.492,2025-06-24 12:09:43.000
588,13,1,658517,2025-05-31 11:41:44.495,2025-06-24 12:09:43.000
589,149,1,484937,2025-05-31 11:41:44.498,2025-06-24 12:09:43.000
590,66,4,806643,2025-05-31 11:41:44.501,2025-06-24 12:09:43.000
591,151,3,565870,2025-05-31 11:41:44.504,2025-06-24 12:09:43.000
592,65,3,921782,2025-05-31 11:41:44.507,2025-06-24 12:09:43.000
593,43,4,1433604,2025-05-31 11:41:44.510,2025-06-24 12:09:43.000
594,59,4,1277695,2025-05-31 11:41:44.513,2025-06-24 12:09:43.000
595,107,3,814815,2025-05-31 11:41:44.516,2025-06-24 12:09:43.000
596,146,4,1380066,2025-05-31 11:41:44.519,2025-06-24 12:09:43.000
597,138,1,744236,2025-05-31 11:41:44.522,2025-06-24 12:09:43.000
598,176,1,163741,2025-05-31 11:41:44.525,2025-06-24 12:09:43.000
599,152,4,226500,2025-05-31 11:41:44.528,2025-06-24 12:09:43.000
600,179,4,284933,2025-05-31 11:41:44.531,2025-06-24 12:09:43.000
601,183,1,345470,2025-05-31 11:41:44.534,2025-06-24 12:09:43.000
602,48,4,831943,2025-05-31 11:41:44.537,2025-06-24 12:09:43.000
603,112,1,1359341,2025-05-31 11:41:44.540,2025-06-24 12:09:43.000
604,114,4,829812,2025-05-31 11:41:44.543,2025-06-24 12:09:43.000
605,165,3,688239,2025-05-31 11:41:44.546,2025-06-24 12:09:43.000
606,18,3,341897,2025-05-31 11:41:44.549,2025-06-24 12:09:43.000
607,47,4,1676398,2025-05-31 11:41:44.552,2025-06-24 12:09:43.000
608,74,1,215175,2025-05-31 11:41:44.555,2025-06-24 12:09:43.000
609,55,1,523478,2025-05-31 11:41:44.558,2025-06-24 12:09:43.000
610,108,3,679071,2025-05-31 11:41:44.561,2025-06-24 12:09:43.000
611,173,1,469013,2025-05-31 11:41:44.564,2025-06-24 12:09:43.000
612,41,3,281190,2025-05-31 11:41:44.567,2025-06-24 12:09:43.000
613,160,4,134241,2025-05-31 11:41:44.570,2025-06-24 12:09:43.000
614,160,3,634305,2025-05-31 11:41:44.573,2025-06-24 12:09:43.000
615,41,3,120935,2025-05-31 11:41:44.576,2025-06-24 12:09:43.000
616,96,3,483494,2025-05-31 11:41:44.579,2025-06-24 12:09:43.000
617,70,2,416491,2025-05-31 11:41:44.582,2025-06-24 12:09:43.000
618,48,2,1053013,2025-05-31 11:41:44.585,2025-06-24 12:09:43.000
619,42,3,654889,2025-05-31 11:41:44.588,2025-06-24 12:09:43.000
620,24,1,274678,2025-05-31 11:41:44.591,2025-06-24 12:09:43.000
621,57,3,1446900,2025-05-31 11:41:44.594,2025-06-24 12:09:43.000
622,15,2,1052948,2025-05-31 11:41:44.597,2025-06-24 12:09:43.000
623,119,3,694935,2025-05-31 11:41:44.600,2025-06-24 12:09:43.000
624,64,3,311334,2025-05-31 11:41:44.603,2025-06-24 12:09:43.000
625,42,2,364015,2025-05-31 11:41:44.606,2025-06-24 12:09:43.000
626,11,4,444433,2025-05-31 11:41:44.609,2025-06-24 12:09:43.000
627,152,1,1226935,2025-05-31 11:41:44.612,2025-06-24 12:09:43.000
628,100,3,815232,2025-05-31 11:41:44.615,2025-06-24 12:09:43.000
629,13,3,323903,2025-05-31 11:41:44.618,2025-06-24 12:09:43.000
630,140,1,267028,2025-05-31 11:41:44.621,2025-06-24 12:09:43.000
631,142,3,642000,2025-05-31 11:41:44.624,2025-06-24 12:09:43.000
632,162,1,1512106,2025-05-31 11:41:44.627,2025-06-24 12:09:43.000
633,109,1,1688820,2025-05-31 11:41:44.630,2025-06-24 12:09:43.000
634,9,3,527566,2025-05-31 11:41:44.633,2025-06-24 12:09:43.000
635,28,1,1149859,2025-05-31 11:41:44.636,2025-06-24 12:09:43.000
636,154,4,597307,2025-05-31 11:41:44.639,2025-06-24 12:09:43.000
637,102,2,1482701,2025-05-31 11:41:44.642,2025-06-24 12:09:43.000
638,1,2,481564,2025-05-31 11:41:44.645,2025-06-24 12:09:43.000
639,57,2,987439,2025-05-31 11:41:44.648,2025-06-24 12:09:43.000
640,68,3,1909690,2025-05-31 11:41:44.651,2025-06-24 12:09:43.000
641,55,2,806643,2025-05-31 11:41:44.654,2025-06-24 12:09:43.000
642,72,4,368254,2025-05-31 11:41:44.657,2025-06-24 12:09:43.000
643,53,2,227192,2025-05-31 11:41:44.660,2025-06-24 12:09:43.000
644,10,4,1029511,2025-05-31 11:41:44.663,2025-06-24 12:09:43.000
645,176,2,560006,2025-05-31 11:41:44.666,2025-06-24 12:09:43.000
646,177,3,1072519,2025-05-31 11:41:44.669,2025-06-24 12:09:43.000
647,170,1,642399,2025-05-31 11:41:44.672,2025-06-24 12:09:43.000
648,148,3,463695,2025-05-31 11:41:44.675,2025-06-24 12:09:43.000
649,1,3,695548,2025-05-31 11:41:44.678,2025-06-24 12:09:43.000
650,28,4,149474,2025-05-31 11:41:44.681,2025-06-24 12:09:43.000
651,78,2,365791,2025-05-31 11:41:44.684,2025-06-24 12:09:43.000
652,31,2,204880,2025-05-31 11:41:44.687,2025-06-24 12:09:43.000
653,108,1,287437,2025-05-31 11:41:44.690,2025-06-24 12:09:43.000
654,137,4,855710,2025-05-31 11:41:44.693,2025-06-24 12:09:43.000
655,104,3,1172722,2025-05-31 11:41:44.696,2025-06-24 12:09:43.000
656,69,3,1290920,2025-05-31 11:41:44.699,2025-06-24 12:09:43.000
657,62,2,444190,2025-05-31 11:41:44.702,2025-06-24 12:09:43.000
658,191,1,697802,2025-05-31 11:41:44.705,2025-06-24 12:09:43.000
659,175,3,1212378,2025-05-31 11:41:44.708,2025-06-24 12:09:43.000
660,93,2,981385,2025-05-31 11:41:44.711,2025-06-24 12:09:43.000
661,109,2,471656,2025-05-31 11:41:44.714,2025-06-24 12:09:43.000
662,195,3,1175453,2025-05-31 11:41:44.717,2025-06-24 12:09:43.000
663,43,3,1415063,2025-05-31 11:41:44.720,2025-06-24 12:09:43.000
664,69,3,546560,2025-05-31 11:41:44.723,2025-06-24 12:09:43.000
665,132,1,163741,2025-05-31 11:41:44.726,2025-06-24 12:09:43.000
666,14,2,1066158,2025-05-31 11:41:44.729,2025-06-24 12:09:43.000
667,111,1,1254497,2025-05-31 11:41:44.732,2025-06-24 12:09:43.000
668,96,3,1081869,2025-05-31 11:41:44.735,2025-06-24 12:09:43.000
669,37,2,721728,2025-05-31 11:41:44.738,2025-06-24 12:09:43.000
670,194,4,1746831,2025-05-31 11:41:44.741,2025-06-24 12:09:43.000
671,64,3,370956,2025-05-31 11:41:44.744,2025-06-24 12:09:43.000
672,145,4,873633,2025-05-31 11:41:44.747,2025-06-24 12:09:43.000
673,14,1,1648079,2025-05-31 11:41:44.750,2025-06-24 12:09:43.000
674,77,3,395051,2025-05-31 11:41:44.753,2025-06-24 12:09:43.000
675,127,1,1296997,2025-05-31 11:41:44.756,2025-06-24 12:09:43.000
676,152,3,112363,2025-05-31 11:41:44.759,2025-06-24 12:09:43.000
677,29,4,909362,2025-05-31 11:41:44.762,2025-06-24 12:09:43.000
678,47,1,1718936,2025-05-31 11:41:44.765,2025-06-24 12:09:43.000
679,189,2,581534,2025-05-31 11:41:44.768,2025-06-24 12:09:43.000
680,159,3,811944,2025-05-31 11:41:44.771,2025-06-24 12:09:43.000
681,17,4,764515,2025-05-31 11:41:44.774,2025-06-24 12:09:43.000
682,5,3,1159433,2025-05-31 11:41:44.777,2025-06-24 12:09:43.000
683,140,2,399932,2025-05-31 11:41:44.780,2025-06-24 12:09:43.000
684,199,4,170261,2025-05-31 11:41:44.783,2025-06-24 12:09:43.000
685,179,2,1679492,2025-05-31 11:41:44.786,2025-06-24 12:09:43.000
686,13,1,1280445,2025-05-31 11:41:44.789,2025-06-24 12:09:43.000
687,46,2,1014751,2025-05-31 11:41:44.792,2025-06-24 12:09:43.000
688,65,3,623645,2025-05-31 11:41:44.795,2025-06-24 12:09:43.000
689,72,3,126409,2025-05-31 11:41:44.798,2025-06-24 12:09:43.000
690,16,1,721128,2025-05-31 11:41:44.801,2025-06-24 12:09:43.000
691,80,3,910069,2025-05-31 11:41:44.804,2025-06-24 12:09:43.000
692,56,2,496089,2025-05-31 11:41:44.807,2025-06-24 12:09:43.000
693,163,4,316025,2025-05-31 11:41:44.810,2025-06-24 12:09:43.000
694,126,2,667104,2025-05-31 11:41:44.813,2025-06-24 12:09:43.000
695,166,4,740802,2025-05-31 11:41:44.816,2025-06-24 12:09:43.000
696,65,4,822646,2025-05-31 11:41:44.819,2025-06-24 12:09:43.000
697,5,2,1319185,2025-05-31 11:41:44.822,2025-06-24 12:09:43.000
698,163,1,961108,2025-05-31 11:41:44.825,2025-06-24 12:09:43.000
699,139,1,120935,2025-05-31 11:41:44.828,2025-06-24 12:09:43.000
700,34,1,700653,2025-05-31 11:41:44.831,2025-06-24 12:09:43.000
701,51,1,1269777,2025-05-31 11:41:44.834,2025-06-24 12:09:43.000
702,114,4,971555,2025-05-31 11:41:44.837,2025-06-24 12:09:43.000
703,122,4,253428,2025-05-31 11:41:44.840,2025-06-24 12:09:43.000
704,146,4,554889,2025-05-31 11:41:44.843,2025-06-24 12:09:43.000
705,186,3,623858,2025-05-31 11:41:44.846,2025-06-24 12:09:43.000
706,199,2,158816,2025-05-31 11:41:44.849,2025-06-24 12:09:43.000
707,24,2,1099441,2025-05-31 11:41:44.852,2025-06-24 12:09:43.000
708,78,1,1772803,2025-05-31 11:41:44.855,2025-06-24 12:09:43.000
709,38,4,810443,2025-05-31 11:41:44.858,2025-06-24 12:09:43.000
710,36,3,1478935,2025-05-31 11:41:44.861,2025-06-24 12:09:43.000
711,137,1,1364395,2025-05-31 11:41:44.864,2025-06-24 12:09:43.000
712,54,3,787102,2025-05-31 11:41:44.867,2025-06-24 12:09:43.000
713,152,4,914492,2025-05-31 11:41:44.870,2025-06-24 12:09:43.000
714,181,3,123067,2025-05-31 11:41:44.873,2025-06-24 12:09:43.000
715,154,2,970703,2025-05-31 11:41:44.876,2025-06-24 12:09:43.000
716,196,2,772033,2025-05-31 11:41:44.879,2025-06-24 12:09:43.000
717,53,3,785724,2025-05-31 11:41:44.882,2025-06-24 12:09:43.000
718,147,4,1517142,2025-05-31 11:41:44.885,2025-06-24 12:09:43.000
719,42,4,761830,2025-05-31 11:41:44.888,2025-06-24 12:09:43.000
720,157,3,987859,2025-05-31 11:41:44.891,2025-06-24 12:09:43.000
721,27,2,607271,2025-05-31 11:41:44.894,2025-06-24 12:09:43.000
722,18,1,1292368,2025-05-31 11:41:44.897,2025-06-24 12:09:43.000
723,189,2,516278,2025-05-31 11:41:44.900,2025-06-24 12:09:43.000
724,68,3,151169,2025-05-31 11:41:44.903,2025-06-24 12:09:43.000
725,179,1,251592,2025-05-31 11:41:44.906,2025-06-24 12:09:43.000
726,190,4,379347,2025-05-31 11:41:44.909,2025-06-24 12:09:43.000
727,101,4,937888,2025-05-31 11:41:44.912,2025-06-24 12:09:43.000
728,140,4,143611,2025-05-31 11:41:44.915,2025-06-24 12:09:43.000
729,200,4,1136709,2025-06-09 12:37:19.000,2025-06-24 12:09:43.000
730,34,2,686251,2025-06-09 12:37:19.003,2025-06-24 12:09:43.000
731,121,1,721728,2025-06-09 12:37:19.006,2025-06-24 12:09:43.000
732,29,4,1003910,2025-06-09 12:37:19.009,2025-06-24 12:09:43.000
733,195,1,738664,2025-06-09 12:37:19.012,2025-06-24 12:09:43.000
734,181,4,168158,2025-06-09 12:37:19.015,2025-06-24 12:09:43.000
735,103,2,851456,2025-06-09 12:37:19.018,2025-06-24 12:09:43.000
736,87,1,1684083,2025-06-09 12:37:19.021,2025-06-24 12:09:43.000
737,8,4,1579600,2025-06-09 12:37:19.024,2025-06-24 12:09:43.000
738,50,1,968524,2025-06-09 12:37:19.027,2025-06-24 12:09:43.000
739,60,2,701600,2025-06-09 12:37:19.030,2025-06-24 12:09:43.000
740,139,1,588626,2025-06-09 12:37:19.033,2025-06-24 12:09:43.000
741,39,4,811392,2025-06-09 12:37:19.036,2025-06-24 12:09:43.000
742,181,2,602590,2025-06-09 12:37:19.039,2025-06-24 12:09:43.000
743,192,4,1356526,2025-06-09 12:37:19.042,2025-06-24 12:09:43.000
744,142,1,1414191,2025-06-09 12:37:19.045,2025-06-24 12:09:43.000
745,118,3,502995,2025-06-09 12:37:19.048,2025-06-24 12:09:43.000
746,37,2,1155694,2025-06-09 12:37:19.051,2025-06-24 12:09:43.000
747,118,3,738369,2025-06-09 12:37:19.054,2025-06-24 12:09:43.000
748,28,1,1128670,2025-06-09 12:37:19.057,2025-06-24 12:09:43.000
749,151,2,705731,2025-06-09 12:37:19.060,2025-06-24 12:09:43.000
750,150,2,488929,2025-06-09 12:37:19.063,2025-06-24 12:09:43.000
751,11,3,292071,2025-06-09 12:37:19.066,2025-06-24 12:09:43.000
752,52,4,502995,2025-06-09 12:37:19.069,2025-06-24 12:09:43.000
753,97,1,251583,2025-06-09 12:37:19.072,2025-06-24 12:09:43.000
754,118,1,136052,2025-06-09 12:37:19.075,2025-06-24 12:09:43.000
755,103,3,585165,2025-06-09 12:37:19.078,2025-06-24 12:09:43.000
756,151,1,814923,2025-06-09 12:37:19.081,2025-06-24 12:09:43.000
757,43,3,399932,2025-06-09 12:37:19.084,2025-06-24 12:09:43.000
758,171,2,765100,2025-06-09 12:37:19.087,2025-06-24 12:09:43.000
759,132,2,1510500,2025-06-09 12:37:19.090,2025-06-24 12:09:43.000
760,83,4,1452496,2025-06-09 12:37:19.093,2025-06-24 12:09:43.000
761,171,1,1963355,2025-06-09 12:37:19.096,2025-06-24 12:09:43.000
762,37,3,256086,2025-06-09 12:37:19.099,2025-06-24 12:09:43.000
763,86,4,251321,2025-06-09 12:37:19.102,2025-06-24 12:09:43.000
764,130,3,412351,2025-06-09 12:37:19.105,2025-06-24 12:09:43.000
765,44,3,951635,2025-06-09 12:37:19.108,2025-06-24 12:09:43.000
766,12,1,917561,2025-06-09 12:37:19.111,2025-06-24 12:09:43.000
767,191,4,847644,2025-06-09 12:37:19.114,2025-06-24 12:09:43.000
768,79,4,1346121,2025-06-09 12:37:19.117,2025-06-24 12:09:43.000
769,72,1,342484,2025-06-09 12:37:19.120,2025-06-24 12:09:43.000
770,159,1,203850,2025-06-09 12:37:19.123,2025-06-24 12:09:43.000
771,16,2,1736828,2025-06-09 12:37:19.126,2025-06-24 12:09:43.000
772,163,4,498326,2025-06-09 12:37:19.129,2025-06-24 12:09:43.000
773,67,1,273112,2025-06-09 12:37:19.132,2025-06-24 12:09:43.000
774,85,3,358753,2025-06-09 12:37:19.135,2025-06-24 12:09:43.000
775,7,3,300762,2025-06-09 12:37:19.138,2025-06-24 12:09:43.000
776,134,2,628744,2025-06-09 12:37:19.141,2025-06-24 12:09:43.000
777,163,2,619962,2025-06-09 12:37:19.144,2025-06-24 12:09:43.000
778,172,1,605778,2025-06-09 12:37:19.147,2025-06-24 12:09:43.000
779,66,2,961850,2025-06-09 12:37:19.150,2025-06-24 12:09:43.000
780,64,3,1216311,2025-06-09 12:37:19.153,2025-06-24 12:09:43.000
781,91,3,1142235,2025-06-09 12:37:19.156,2025-06-24 12:09:43.000
782,157,4,1321340,2025-06-09 12:37:19.159,2025-06-24 12:09:43.000
783,169,4,1701444,2025-06-09 12:37:19.162,2025-06-24 12:09:43.000
784,191,4,779556,2025-06-09 12:37:19.165,2025-06-24 12:09:43.000
785,20,3,743441,2025-06-09 12:37:19.168,2025-06-24 12:09:43.000
786,174,4,168158,2025-06-09 12:37:19.171,2025-06-24 12:09:43.000
787,45,2,560006,2025-06-09 12:37:19.174,2025-06-24 12:09:43.000
788,193,1,905813,2025-06-09 12:37:19.177,2025-06-24 12:09:43.000
789,83,1,825565,2025-06-09 12:37:19.180,2025-06-24 12:09:43.000
790,92,1,1270038,2025-06-09 12:37:19.183,2025-06-24 12:09:43.000
791,136,1,708466,2025-06-09 12:37:19.186,2025-06-24 12:09:43.000
792,145,4,382857,2025-06-09 12:37:19.189,2025-06-24 12:09:43.000
793,83,1,217685,2025-06-09 12:37:19.192,2025-06-24 12:09:43.000
794,148,4,851456,2025-06-09 12:37:19.195,2025-06-24 12:09:43.000
795,24,1,496089,2025-06-09 12:37:19.198,2025-06-24 12:09:43.000
796,158,1,385628,2025-06-09 12:37:19.201,2025-06-24 12:09:43.000
797,190,3,822646,2025-06-09 12:37:19.204,2025-06-24 12:09:43.000
798,88,2,527566,2025-06-09 12:37:19.207,2025-06-24 12:09:43.000
799,156,1,751538,2025-06-09 12:37:19.210,2025-06-24 12:09:43.000
800,182,2,437463,2025-06-09 12:37:19.213,2025-06-24 12:09:43.000
801,58,1,2043965,2025-06-09 12:37:19.216,2025-06-24 12:09:43.000
802,67,2,394571,2025-06-09 12:37:19.219,2025-06-24 12:09:43.000
803,197,4,1322300,2025-06-09 12:37:19.222,2025-06-24 12:09:43.000
804,28,2,615742,2025-06-09 12:37:19.225,2025-06-24 12:09:43.000
805,137,1,1119195,2025-06-09 12:37:19.228,2025-06-24 12:09:43.000
806,163,3,675994,2025-06-09 12:37:19.231,2025-06-24 12:09:43.000
807,183,1,484937,2025-06-09 12:37:19.234,2025-06-24 12:09:43.000
808,87,3,385971,2025-06-09 12:37:19.237,2025-06-24 12:09:43.000
809,76,1,589480,2025-06-09 12:37:19.240,2025-06-24 12:09:43.000
810,83,2,840940,2025-06-09 12:37:19.243,2025-06-24 12:09:43.000
811,161,3,1231103,2025-06-09 12:37:19.246,2025-06-24 12:09:43.000
812,101,1,580720,2025-06-09 12:37:19.249,2025-06-24 12:09:43.000
813,24,3,534432,2025-06-09 12:37:19.252,2025-06-24 12:09:43.000
814,63,4,798510,2025-06-09 12:37:19.255,2025-06-24 12:09:43.000
815,143,2,120618,2025-06-09 12:37:19.258,2025-06-24 12:09:43.000
816,58,3,112363,2025-06-09 12:37:19.261,2025-06-24 12:09:43.000
817,158,3,513497,2025-06-09 12:37:19.264,2025-06-24 12:09:43.000
818,160,4,1373459,2025-06-09 12:37:19.267,2025-06-24 12:09:43.000
819,178,2,347374,2025-06-09 12:37:19.270,2025-06-24 12:09:43.000
820,88,3,363911,2025-06-09 12:37:19.273,2025-06-24 12:09:43.000
821,37,3,313016,2025-06-09 12:37:19.276,2025-06-24 12:09:43.000
822,47,2,395051,2025-06-09 12:37:19.279,2025-06-24 12:09:43.000
823,4,2,1789347,2025-06-09 12:37:19.282,2025-06-24 12:09:43.000
824,10,3,444190,2025-06-09 12:37:19.285,2025-06-24 12:09:43.000
825,79,4,284933,2025-06-09 12:37:19.288,2025-06-24 12:09:43.000
826,155,4,1618615,2025-06-09 12:37:19.291,2025-06-24 12:09:43.000
827,29,4,738049,2025-06-09 12:37:19.294,2025-06-24 12:09:43.000
828,41,2,481564,2025-06-09 12:37:19.297,2025-06-24 12:09:43.000
829,156,3,341390,2025-06-09 12:37:19.300,2025-06-24 12:09:43.000
830,53,4,743343,2025-06-09 12:37:19.303,2025-06-24 12:09:43.000
831,172,2,684158,2025-06-09 12:37:19.306,2025-06-24 12:09:43.000
832,68,2,313016,2025-06-09 12:37:19.309,2025-06-24 12:09:43.000
833,149,3,1224383,2025-06-09 12:37:19.312,2025-06-24 12:09:43.000
834,76,4,395051,2025-06-09 12:37:19.315,2025-06-24 12:09:43.000
835,18,3,526721,2025-06-09 12:37:19.318,2025-06-24 12:09:43.000
836,68,3,1244434,2025-06-09 12:37:19.321,2025-06-24 12:09:43.000
837,69,4,589200,2025-06-09 12:37:19.324,2025-06-24 12:09:43.000
838,144,4,496089,2025-06-09 12:37:19.327,2025-06-24 12:09:43.000
839,25,4,333582,2025-06-09 12:37:19.330,2025-06-24 12:09:43.000
840,50,1,642000,2025-06-09 12:37:19.333,2025-06-24 12:09:43.000
841,168,1,351979,2025-06-09 12:37:19.336,2025-06-24 12:09:43.000
842,190,3,845481,2025-06-09 12:37:19.339,2025-06-24 12:09:43.000
843,198,3,421138,2025-06-09 12:37:19.342,2025-06-24 12:09:43.000
844,41,2,619962,2025-06-09 12:37:19.345,2025-06-24 12:09:43.000
845,20,2,469013,2025-06-09 12:37:19.348,2025-06-24 12:09:43.000
846,59,3,128156,2025-06-09 12:37:19.351,2025-06-24 12:09:43.000
847,173,4,278562,2025-06-09 12:37:19.354,2025-06-24 12:09:43.000
848,137,3,266391,2025-06-09 12:37:19.357,2025-06-24 12:09:43.000
849,171,4,366672,2025-06-09 12:37:19.360,2025-06-24 12:09:43.000
850,159,1,772253,2025-06-09 12:37:19.363,2025-06-24 12:09:43.000
851,34,3,1335061,2025-06-09 12:37:19.366,2025-06-24 12:09:43.000
852,33,4,558516,2025-06-09 12:37:19.369,2025-06-24 12:09:43.000
853,146,2,1366688,2025-06-09 12:37:19.372,2025-06-24 12:09:43.000
854,193,2,366672,2025-06-09 12:37:19.375,2025-06-24 12:09:43.000
855,190,1,779896,2025-06-09 12:37:19.378,2025-06-24 12:09:43.000
856,65,4,580720,2025-06-09 12:37:19.381,2025-06-24 12:09:43.000
857,104,3,743343,2025-06-09 12:37:19.384,2025-06-24 12:09:43.000
858,127,1,362630,2025-06-09 12:37:19.387,2025-06-24 12:09:43.000
859,110,3,1487297,2025-06-09 12:37:19.390,2025-06-24 12:09:43.000
860,89,2,1224959,2025-06-09 12:37:19.393,2025-06-24 12:09:43.000
861,31,1,765100,2025-06-09 12:37:19.396,2025-06-24 12:09:43.000
862,190,3,523819,2025-06-09 12:37:19.399,2025-06-24 12:09:43.000
863,136,4,1570715,2025-06-09 12:37:19.402,2025-06-24 12:09:43.000
864,26,1,620872,2025-06-09 12:37:19.405,2025-06-24 12:09:43.000
865,162,4,130307,2025-06-09 12:37:19.408,2025-06-24 12:09:43.000
866,43,2,1150628,2025-06-09 12:37:19.411,2025-06-24 12:09:43.000
867,48,4,151169,2025-06-09 12:37:19.414,2025-06-24 12:09:43.000
868,33,4,345470,2025-06-09 12:37:19.417,2025-06-24 12:09:43.000
869,16,3,1360273,2025-06-09 12:37:19.420,2025-06-24 12:09:43.000
870,75,2,787173,2025-06-09 12:37:19.423,2025-06-24 12:09:43.000
871,145,4,1233093,2025-06-09 12:37:19.426,2025-06-24 12:09:43.000
872,114,4,951578,2025-06-09 12:37:19.429,2025-06-24 12:09:43.000
873,83,4,540631,2025-06-09 12:37:19.432,2025-06-24 12:09:43.000
874,99,4,795374,2025-06-09 12:37:19.435,2025-06-24 12:09:43.000
875,174,4,418062,2025-06-09 12:37:19.438,2025-06-24 12:09:43.000
876,165,3,658156,2025-06-09 12:37:19.441,2025-06-24 12:09:43.000
877,94,2,950505,2025-06-09 12:37:19.444,2025-06-24 12:09:43.000
878,31,4,183005,2025-06-09 12:37:19.447,2025-06-24 12:09:43.000
879,138,2,725050,2025-06-09 12:37:19.450,2025-06-24 12:09:43.000
880,173,4,215175,2025-06-09 12:37:19.453,2025-06-24 12:09:43.000
881,35,1,229129,2025-06-09 12:37:19.456,2025-06-24 12:09:43.000
882,184,3,871395,2025-06-09 12:37:19.459,2025-06-24 12:09:43.000
883,171,4,1202243,2025-06-09 12:37:19.462,2025-06-24 12:09:43.000
884,64,4,1089331,2025-06-09 12:37:19.465,2025-06-24 12:09:43.000
885,89,1,825937,2025-06-09 12:37:19.468,2025-06-24 12:09:43.000
886,119,1,484971,2025-06-09 12:37:19.471,2025-06-24 12:09:43.000
887,101,2,833402,2025-06-09 12:37:19.474,2025-06-24 12:09:43.000
888,138,4,1040770,2025-06-09 12:37:19.477,2025-06-24 12:09:43.000
889,171,2,1015397,2025-06-09 12:37:19.480,2025-06-24 12:09:43.000
890,98,4,558599,2025-06-09 12:37:19.483,2025-06-24 12:09:43.000
891,128,4,1359574,2025-06-09 12:37:19.486,2025-06-24 12:09:43.000
892,173,3,1065261,2025-06-09 12:37:19.489,2025-06-24 12:09:43.000
893,199,3,284933,2025-06-09 12:37:19.492,2025-06-24 12:09:43.000
894,19,1,1178259,2025-06-09 12:37:19.495,2025-06-24 12:09:43.000
895,5,3,769941,2025-06-09 12:37:19.498,2025-06-24 12:09:43.000
896,106,4,595265,2025-06-09 12:37:19.501,2025-06-24 12:09:43.000
897,1,1,1302616,2025-06-09 12:37:19.504,2025-06-24 12:09:43.000
898,186,3,364205,2025-06-09 12:37:19.507,2025-06-24 12:09:43.000
899,173,4,482683,2025-06-09 12:37:19.510,2025-06-24 12:09:43.000
900,27,4,538470,2025-06-09 12:37:19.513,2025-06-24 12:09:43.000
901,60,2,419742,2025-06-09 12:37:19.516,2025-06-24 12:09:43.000
902,190,1,136052,2025-06-09 12:37:19.519,2025-06-24 12:09:43.000
903,173,2,855048,2025-06-09 12:37:19.522,2025-06-24 12:09:43.000
904,27,2,565870,2025-06-09 12:37:19.525,2025-06-24 12:09:43.000
905,75,1,153235,2025-06-09 12:37:19.528,2025-06-24 12:09:43.000
906,87,1,408368,2025-06-09 12:37:19.531,2025-06-24 12:09:43.000
907,99,3,625416,2025-06-09 12:37:19.534,2025-06-24 12:09:43.000
908,165,1,650345,2025-06-09 12:37:19.537,2025-06-24 12:09:43.000
909,67,1,583148,2025-06-09 12:37:19.540,2025-06-24 12:09:43.000
910,123,1,922013,2025-06-09 12:37:19.543,2025-06-24 12:09:43.000
911,144,1,825098,2025-06-09 12:37:19.546,2025-06-24 12:09:43.000
912,116,1,620111,2025-06-09 12:37:19.549,2025-06-24 12:09:43.000
913,115,2,514662,2025-06-09 12:37:19.552,2025-06-24 12:09:43.000
914,35,1,1139568,2025-06-09 12:37:19.555,2025-06-24 12:09:43.000
915,109,1,622930,2025-06-09 12:37:19.558,2025-06-24 12:09:43.000
916,11,1,737286,2025-06-09 12:37:19.561,2025-06-24 12:09:43.000
917,73,4,233657,2025-06-09 12:37:19.564,2025-06-24 12:09:43.000
918,150,4,558599,2025-06-09 12:37:19.567,2025-06-24 12:09:43.000
919,3,2,779516,2025-06-09 12:37:19.570,2025-06-24 12:09:43.000
920,57,3,1012661,2025-06-09 12:37:19.573,2025-06-24 12:09:43.000
921,192,3,923501,2025-06-09 12:37:19.576,2025-06-24 12:09:43.000
922,50,4,893619,2025-06-09 12:37:19.579,2025-06-24 12:09:43.000
923,70,3,1299444,2025-06-09 12:37:19.582,2025-06-24 12:09:43.000
924,48,1,1004469,2025-06-09 12:37:19.585,2025-06-24 12:09:43.000
925,199,4,412351,2025-06-09 12:37:19.588,2025-06-24 12:09:43.000
926,90,3,325148,2025-06-09 12:37:19.591,2025-06-24 12:09:43.000
927,66,3,824799,2025-06-09 12:37:19.594,2025-06-24 12:09:43.000
928,101,4,695548,2025-06-09 12:37:19.597,2025-06-24 12:09:43.000
929,197,2,292071,2025-06-09 12:37:19.600,2025-06-24 12:09:43.000
930,128,4,1105178,2025-06-09 12:37:19.603,2025-06-24 12:09:43.000
931,60,4,153235,2025-06-09 12:37:19.606,2025-06-24 12:09:43.000
932,43,4,1902924,2025-06-09 12:37:19.609,2025-06-24 12:09:43.000
933,98,1,1109111,2025-06-09 12:37:19.612,2025-06-24 12:09:43.000
934,153,4,825937,2025-06-09 12:37:19.615,2025-06-24 12:09:43.000
935,75,3,631993,2025-06-09 12:37:19.618,2025-06-24 12:09:43.000
936,146,4,432145,2025-06-09 12:37:19.621,2025-06-24 12:09:43.000
937,188,3,342484,2025-06-09 12:37:19.624,2025-06-24 12:09:43.000
938,9,2,1723254,2025-06-09 12:37:19.627,2025-06-24 12:09:43.000
939,69,4,280911,2025-06-09 12:37:19.630,2025-06-24 12:09:43.000
940,163,3,446381,2025-06-09 12:37:19.633,2025-06-24 12:09:43.000
941,170,2,1714407,2025-06-09 12:37:19.636,2025-06-24 12:09:43.000
942,118,1,1124650,2025-06-09 12:37:19.639,2025-06-24 12:09:43.000
943,133,4,1450996,2025-06-09 12:37:19.642,2025-06-24 12:09:43.000
944,98,2,1521964,2025-06-09 12:37:19.645,2025-06-24 12:09:43.000
945,71,1,896270,2025-06-09 12:37:19.648,2025-06-24 12:09:43.000
946,5,2,561772,2025-06-09 12:37:19.651,2025-06-24 12:09:43.000
947,182,2,1227371,2025-06-09 12:37:19.654,2025-06-24 12:09:43.000
948,38,3,192525,2025-06-09 12:37:19.657,2025-06-24 12:09:43.000
949,180,3,523478,2025-06-09 12:37:19.660,2025-06-24 12:09:43.000
950,26,2,215175,2025-06-09 12:37:19.663,2025-06-24 12:09:43.000
951,109,3,493814,2025-06-09 12:37:19.666,2025-06-24 12:09:43.000
952,162,1,399932,2025-06-09 12:37:19.669,2025-06-24 12:09:43.000
953,17,1,947193,2025-06-09 12:37:19.672,2025-06-24 12:09:43.000
954,163,3,560006,2025-06-09 12:37:19.675,2025-06-24 12:09:43.000
955,67,1,1876789,2025-06-09 12:37:19.678,2025-06-24 12:09:43.000
956,60,3,181200,2025-06-09 12:37:19.681,2025-06-24 12:09:43.000
957,186,2,225270,2025-06-09 12:37:19.684,2025-06-24 12:09:43.000
958,63,4,1210451,2025-06-09 12:37:19.687,2025-06-24 12:09:43.000
959,71,1,589480,2025-06-09 12:37:19.690,2025-06-24 12:09:43.000
960,41,2,766728,2025-06-09 12:37:19.693,2025-06-24 12:09:43.000
961,136,3,740578,2025-06-09 12:37:19.696,2025-06-24 12:09:43.000
962,189,3,622333,2025-06-09 12:37:19.699,2025-06-24 12:09:43.000
963,185,4,688590,2025-06-09 12:37:19.702,2025-06-24 12:09:43.000
964,170,1,970287,2025-06-09 12:37:19.705,2025-06-24 12:09:43.000
965,92,2,333582,2025-06-09 12:37:19.708,2025-06-24 12:09:43.000
966,33,2,620666,2025-06-09 12:37:19.711,2025-06-24 12:09:43.000
967,43,2,1695689,2025-06-09 12:37:19.714,2025-06-24 12:09:43.000
968,88,4,381216,2025-06-09 12:37:19.717,2025-06-24 12:09:43.000
969,127,1,1148668,2025-06-09 12:37:19.720,2025-06-24 12:09:43.000
970,183,2,717016,2025-06-09 12:37:19.723,2025-06-24 12:09:43.000
971,75,2,787102,2025-06-09 12:37:19.726,2025-06-24 12:09:43.000
972,13,3,675789,2025-06-09 12:37:19.729,2025-06-24 12:09:43.000
973,34,3,527094,2025-06-09 12:37:19.732,2025-06-24 12:09:43.000
974,154,1,1921634,2025-06-09 12:37:19.735,2025-06-24 12:09:43.000
975,151,3,566773,2025-06-09 12:37:19.738,2025-06-24 12:09:43.000
976,71,3,2097493,2025-06-09 12:37:19.741,2025-06-24 12:09:43.000
977,94,1,115828,2025-06-09 12:37:19.744,2025-06-24 12:09:43.000
978,75,3,1564753,2025-06-09 12:37:19.747,2025-06-24 12:09:43.000
979,57,1,605860,2025-06-09 12:37:19.750,2025-06-24 12:09:43.000
980,183,4,557731,2025-06-09 12:37:19.753,2025-06-24 12:09:43.000
981,151,4,620111,2025-06-09 12:37:19.756,2025-06-24 12:09:43.000
982,159,3,378683,2025-06-09 12:37:19.759,2025-06-24 12:09:43.000
983,55,2,1352015,2025-06-09 12:37:19.762,2025-06-24 12:09:43.000
984,66,4,1436280,2025-06-09 12:37:19.765,2025-06-24 12:09:43.000
985,121,1,394141,2025-06-09 12:37:19.768,2025-06-24 12:09:43.000
986,47,3,1114805,2025-06-09 12:37:19.771,2025-06-24 12:09:43.000
987,180,1,794592,2025-06-09 12:37:19.774,2025-06-24 12:09:43.000
988,175,3,1377984,2025-06-09 12:37:19.777,2025-06-24 12:09:43.000
989,104,1,1233888,2025-06-09 12:37:19.780,2025-06-24 12:09:43.000
990,189,1,824389,2025-06-09 12:37:19.783,2025-06-24 12:09:43.000
991,67,2,663917,2025-06-09 12:37:19.786,2025-06-24 12:09:43.000
992,109,2,266391,2025-06-09 12:37:19.789,2025-06-24 12:09:43.000
993,69,3,323151,2025-06-09 12:37:19.792,2025-06-24 12:09:43.000
994,159,3,708466,2025-06-09 12:37:19.795,2025-06-24 12:09:43.000
995,38,1,702215,2025-06-09 12:37:19.798,2025-06-24 12:09:43.000
996,38,2,341390,2025-06-09 12:37:19.801,2025-06-24 12:09:43.000
997,31,3,1435260,2025-06-09 12:37:19.804,2025-06-24 12:09:43.000
998,16,3,362017,2025-06-09 12:37:19.807,2025-06-24 12:09:43.000
999,134,1,281190,2025-06-09 12:37:19.810,2025-06-24 12:09:43.000
1000,22,1,749753,2025-06-09 12:37:19.813,2025-06-24 12:09:43.000
