ID_PAGO,ID_FACTURA_CABECERA,FECHA,MONTO,ID_METODO_PAGO
1,1,2024-12-20 07:15:28.036,1060282,3
2,2,2024-12-26 13:20:35.000,262864,3
3,3,2024-12-26 13:20:35.005,703061,4
4,4,2024-12-26 13:20:35.010,845481,3
5,5,2025-04-29 17:14:10.000,347243,1
6,6,2025-04-29 17:14:10.005,1777458,1
7,7,2025-04-29 17:14:10.010,1305764,2
8,8,2025-04-29 17:14:10.015,1303470,4
9,9,2025-04-29 17:14:10.020,1828209,2
10,10,2025-04-29 17:14:10.025,1348100,1
11,11,2025-04-29 17:14:10.030,368946,2
12,12,2025-04-29 17:14:10.035,922432,2
13,13,2025-04-29 17:14:10.040,338822,3
14,14,2025-04-29 17:14:10.045,144785,4
15,15,2025-04-29 17:14:10.050,1165042,2
16,16,2025-04-29 17:14:10.055,942083,3
17,17,2025-04-29 17:14:10.060,1459045,2
18,18,2025-04-29 17:14:10.065,731284,2
19,19,2025-04-29 17:14:10.070,1020953,2
20,20,2025-04-29 17:14:10.075,962674,4
21,21,2025-04-29 17:14:10.080,499599,2
22,22,2025-04-29 17:14:10.085,554541,3
23,23,2025-04-29 17:14:10.090,556656,3
24,24,2025-04-29 17:14:10.095,527566,2
25,25,2025-04-29 17:14:10.100,719016,2
26,26,2025-04-29 17:14:10.105,499599,1
27,27,2025-04-29 17:14:10.110,409400,2
28,28,2025-04-29 17:14:10.115,1227624,4
29,29,2025-04-29 17:14:10.120,614880,2
30,30,2025-04-29 17:14:10.125,1660111,1
31,31,2025-04-29 17:14:10.130,1079233,3
32,32,2025-04-29 17:14:10.135,507246,2
33,33,2025-04-29 17:14:10.140,523758,1
34,34,2025-04-29 17:14:10.145,407052,4
35,35,2025-04-29 17:14:10.150,652901,1
36,36,2025-04-29 17:14:10.155,597307,4
37,37,2025-04-29 17:14:10.160,881804,4
38,38,2025-04-29 17:14:10.165,307251,4
39,39,2025-04-29 17:14:10.170,692305,3
40,40,2025-04-29 17:14:10.175,875912,2
41,41,2025-04-29 17:14:10.180,140454,2
42,42,2025-04-29 17:14:10.185,634305,3
43,43,2025-04-29 17:14:10.190,585725,2
44,44,2025-04-29 17:14:10.195,229129,2
45,45,2025-04-29 17:14:10.200,256086,2
46,46,2025-04-29 17:14:10.205,1070205,2
47,47,2025-04-29 17:14:10.210,897826,3
48,48,2025-04-29 17:14:10.215,1057473,2
49,49,2025-05-07 00:11:55.000,700802,1
50,50,2025-05-07 00:11:55.005,620872,2
51,51,2025-05-07 00:11:55.010,454889,4
52,52,2025-05-07 00:11:55.015,633956,3
53,53,2025-05-07 00:11:55.020,358753,3
54,54,2025-05-27 05:48:56.000,1119488,4
55,55,2025-05-27 05:48:56.005,1325416,4
56,56,2025-05-27 05:48:56.010,523911,4
57,57,2025-05-27 05:48:56.015,1493014,3
58,58,2025-05-27 05:48:56.020,229129,3
59,59,2025-05-27 05:48:56.025,476757,2
60,60,2025-05-27 05:48:56.030,764979,2
61,61,2025-05-27 05:48:56.035,1282585,2
62,62,2025-05-27 05:48:56.040,620872,4
63,63,2025-05-27 05:48:56.045,323151,3
64,64,2025-05-27 05:48:56.050,580720,4
65,65,2025-05-27 05:48:56.055,316025,1
66,66,2025-05-27 05:48:56.060,1570032,4
67,67,2025-05-27 05:48:56.065,721728,2
68,68,2025-05-27 05:48:56.070,565870,1
69,69,2025-05-27 05:48:56.075,279537,4
70,70,2025-05-27 05:48:56.080,1959995,3
71,71,2025-05-27 05:48:56.085,1582464,1
72,72,2025-05-27 05:48:56.090,484937,1
73,73,2025-05-27 05:48:56.095,869016,2
74,74,2025-05-27 05:48:56.100,220312,4
75,75,2025-05-27 05:48:56.105,610279,2
76,76,2025-05-27 05:48:56.110,1465865,2
77,77,2025-05-27 05:48:56.115,623858,3
78,78,2025-05-27 05:48:56.120,251583,4
79,79,2025-05-27 05:48:56.125,290182,1
80,80,2025-05-27 05:48:56.130,1416725,2
81,81,2025-05-27 05:48:56.135,679071,2
82,82,2025-05-27 05:48:56.140,1007509,3
83,83,2025-05-27 05:48:56.145,965665,1
84,84,2025-05-27 05:48:56.150,1440817,1
85,85,2025-05-27 05:48:56.155,608210,1
86,86,2025-05-27 05:48:56.160,634094,4
87,87,2025-05-27 05:48:56.165,1021948,3
88,88,2025-05-27 05:48:56.170,1194277,2
89,89,2025-05-27 05:48:56.175,936621,4
90,90,2025-05-27 05:48:56.180,933451,3
91,91,2025-05-27 05:48:56.185,568800,3
92,92,2025-05-27 05:48:56.190,724650,2
93,93,2025-05-27 05:48:56.195,135695,2
94,94,2025-05-27 05:48:56.200,811944,2
95,95,2025-05-27 05:48:56.205,496448,1
96,96,2025-05-27 05:48:56.210,701254,3
97,97,2025-05-27 05:48:56.215,891056,2
98,98,2025-05-27 05:48:56.220,929651,2
99,99,2025-05-27 05:48:56.225,513919,1
100,100,2025-05-27 05:48:56.230,470319,2
101,101,2025-05-27 05:48:56.235,737286,4
102,102,2025-05-27 05:48:56.240,266391,4
103,103,2025-05-27 05:48:56.245,868348,1
104,104,2025-05-27 05:48:56.250,737286,4
105,105,2025-05-27 05:48:56.255,692488,4
106,106,2025-05-27 05:48:56.260,724278,1
107,107,2025-05-27 05:48:56.265,1016904,3
108,108,2025-05-27 05:48:56.270,1827654,2
109,109,2025-05-27 05:48:56.275,351139,2
110,110,2025-05-27 05:48:56.280,589228,3
111,111,2025-05-27 05:48:56.285,1550242,3
112,112,2025-05-27 05:48:56.290,692488,2
113,113,2025-05-27 05:48:56.295,869016,1
114,114,2025-05-27 05:48:56.300,1125734,4
115,115,2025-05-27 05:48:56.305,128156,2
116,116,2025-05-27 05:48:56.310,738849,1
117,117,2025-05-27 05:48:56.315,484688,4
118,118,2025-05-27 05:48:56.320,601955,1
119,119,2025-05-27 05:48:56.325,262864,1
120,120,2025-05-27 05:48:56.330,772033,3
121,121,2025-05-27 05:48:56.335,612080,4
122,122,2025-05-27 05:48:56.340,251321,2
123,123,2025-05-27 05:48:56.345,702215,4
124,124,2025-05-27 05:48:56.350,597307,4
125,125,2025-05-27 05:48:56.355,1462644,3
126,126,2025-05-27 05:48:56.360,128494,2
127,127,2025-05-27 05:48:56.365,1327483,2
128,128,2025-05-27 05:48:56.370,643802,3
129,129,2025-05-27 05:48:56.375,684040,3
130,130,2025-05-27 05:48:56.380,1341049,4
131,131,2025-05-27 05:48:56.385,583494,3
132,132,2025-05-27 05:48:56.390,667104,4
133,133,2025-05-27 05:48:56.395,1104265,2
134,134,2025-05-27 05:48:56.400,804756,4
135,135,2025-05-27 05:48:56.405,899140,2
136,136,2025-05-27 05:48:56.410,1463194,4
137,137,2025-05-27 05:48:56.415,1388862,2
138,138,2025-05-27 05:48:56.420,265560,3
139,139,2025-05-27 05:48:56.425,1662997,1
140,140,2025-05-27 05:48:56.430,277555,4
141,141,2025-05-27 05:48:56.435,2065927,4
142,142,2025-05-27 05:48:56.440,768119,3
143,143,2025-05-27 05:48:56.445,728891,2
144,144,2025-05-27 05:48:56.450,83587,2
145,145,2025-05-27 05:48:56.455,581534,2
146,146,2025-05-27 05:48:56.460,399932,2
147,147,2025-05-27 05:48:56.465,591435,1
148,148,2025-05-27 05:48:56.470,874637,3
149,149,2025-05-27 05:48:56.475,1161972,3
150,150,2025-05-27 05:48:56.480,798907,1
151,151,2025-05-27 05:48:56.485,686677,4
152,152,2025-05-27 05:48:56.490,437463,4
153,153,2025-05-27 05:48:56.495,995799,2
154,154,2025-05-27 05:48:56.500,751538,3
155,155,2025-05-27 05:48:56.505,294603,2
156,156,2025-05-27 05:48:56.510,575567,3
157,157,2025-05-27 05:48:56.515,279537,2
158,158,2025-05-27 05:48:56.520,610279,4
159,159,2025-05-27 05:48:56.525,133431,3
160,160,2025-05-27 05:48:56.530,738849,1
161,161,2025-05-27 05:48:56.535,556493,1
162,162,2025-05-27 05:48:56.540,267028,1
163,163,2025-05-27 05:48:56.545,398614,2
164,164,2025-05-27 05:48:56.550,724650,3
165,165,2025-05-27 05:48:56.555,1349067,3
166,166,2025-05-27 05:48:56.560,305908,3
167,167,2025-05-27 05:48:56.565,322338,2
168,168,2025-05-27 05:48:56.570,416491,2
169,169,2025-05-27 05:48:56.575,514981,1
170,170,2025-05-27 05:48:56.580,496533,2
171,171,2025-05-27 05:48:56.585,861579,4
172,172,2025-05-27 05:48:56.590,719016,4
173,173,2025-05-27 05:48:56.595,1412269,3
174,174,2025-05-27 05:48:56.600,1600825,1
175,175,2025-05-27 05:48:56.605,730508,2
176,176,2025-05-27 05:48:56.610,347374,1
177,177,2025-05-27 05:48:56.615,156359,4
178,178,2025-05-27 05:48:56.620,394141,4
179,179,2025-05-27 05:48:56.625,873633,4
180,180,2025-05-27 05:48:56.630,534432,2
181,181,2025-05-27 05:48:56.635,959937,3
182,182,2025-05-27 05:48:56.640,496086,3
183,183,2025-05-27 05:48:56.645,648729,3
184,184,2025-05-27 05:48:56.650,527639,1
185,185,2025-05-27 05:48:56.655,619962,3
186,186,2025-05-27 05:48:56.660,499400,1
187,187,2025-05-27 05:48:56.665,787173,2
188,188,2025-05-27 05:48:56.670,1148015,3
189,189,2025-05-27 05:48:56.675,280911,4
190,190,2025-05-27 05:48:56.680,1524670,2
191,191,2025-05-27 05:48:56.685,620111,2
192,192,2025-05-27 05:48:56.690,570875,3
193,193,2025-05-27 05:48:56.695,825236,2
194,194,2025-05-27 05:48:56.700,1361360,4
195,195,2025-05-27 05:48:56.705,1242616,3
196,196,2025-05-27 05:48:56.710,358753,1
197,197,2025-05-27 05:48:56.715,1489385,4
198,198,2025-05-27 05:48:56.720,1350909,4
199,199,2025-05-27 05:48:56.725,131670,2
200,200,2025-05-27 05:48:56.730,440510,4
201,201,2025-05-27 05:48:56.735,120935,3
202,202,2025-05-27 05:48:56.740,1370714,2
203,203,2025-05-27 05:48:56.745,639245,2
204,204,2025-05-27 05:48:56.750,251321,2
205,205,2025-05-27 05:48:56.755,994949,4
206,206,2025-05-27 05:48:56.760,370956,2
207,207,2025-05-27 05:48:56.765,1128359,3
208,208,2025-05-27 05:48:56.770,784003,1
209,209,2025-05-27 05:48:56.775,325148,4
210,210,2025-05-27 05:48:56.780,614495,2
211,211,2025-05-27 05:48:56.785,695589,3
212,212,2025-05-27 05:48:56.790,922168,1
213,213,2025-05-27 05:48:56.795,395051,1
214,214,2025-05-27 05:48:56.800,779896,2
215,215,2025-05-27 05:48:56.805,693176,3
216,216,2025-05-27 05:48:56.810,502995,2
217,217,2025-05-27 05:48:56.815,693176,3
218,218,2025-05-27 05:48:56.820,1542491,2
219,219,2025-05-27 05:48:56.825,802743,3
220,220,2025-05-27 05:48:56.830,256086,1
221,221,2025-05-27 05:48:56.835,822795,3
222,222,2025-05-27 05:48:56.840,1553505,3
223,223,2025-05-27 05:48:56.845,1090870,3
224,224,2025-05-27 05:48:56.850,284933,1
225,225,2025-05-27 05:48:56.855,1143893,3
226,226,2025-05-27 05:48:56.860,738369,4
227,227,2025-05-27 05:48:56.865,610569,2
228,228,2025-05-27 05:48:56.870,251583,4
229,229,2025-05-27 05:48:56.875,392483,3
230,230,2025-05-27 05:48:56.880,758307,3
231,231,2025-05-27 05:48:56.885,120618,1
232,232,2025-05-27 05:48:56.890,1106978,3
233,233,2025-05-27 05:48:56.895,785690,2
234,234,2025-05-27 05:48:56.900,305908,3
235,235,2025-05-27 05:48:56.905,304973,4
236,236,2025-05-27 05:48:56.910,541758,2
237,237,2025-05-27 05:48:56.915,237606,3
238,238,2025-05-27 05:48:56.920,650335,3
239,239,2025-05-27 05:48:56.925,719016,4
240,240,2025-05-27 05:48:56.930,878162,4
241,241,2025-05-27 05:48:56.935,732156,3
242,242,2025-05-27 05:48:56.940,896270,2
243,243,2025-05-27 05:48:56.945,428368,2
244,244,2025-05-27 05:48:56.950,128494,4
245,245,2025-05-27 05:48:56.955,160280,3
246,246,2025-05-27 05:48:56.960,119326,2
247,247,2025-05-27 05:48:56.965,306993,3
248,248,2025-05-27 05:48:56.970,1510934,1
249,249,2025-05-27 05:48:56.975,190332,3
250,250,2025-05-27 05:48:56.980,2086170,4
251,251,2025-05-27 05:48:56.985,873633,3
252,252,2025-05-27 05:48:56.990,558100,4
253,253,2025-05-27 05:48:56.995,612080,2
254,254,2025-05-27 05:48:57.000,510460,4
255,255,2025-05-27 05:48:57.005,639433,4
256,256,2025-05-27 05:48:57.010,1084244,3
257,257,2025-05-27 05:48:57.015,602590,3
258,258,2025-05-27 05:48:57.020,822646,4
259,259,2025-05-27 05:48:57.025,881804,4
260,260,2025-05-27 05:48:57.030,1529522,1
261,261,2025-05-27 05:48:57.035,351139,4
262,262,2025-05-27 05:48:57.040,604367,3
263,263,2025-05-27 05:48:57.045,314151,3
264,264,2025-05-27 05:48:57.050,922168,3
265,265,2025-05-27 05:48:57.055,619343,1
266,266,2025-05-27 05:48:57.060,120618,3
267,267,2025-05-27 05:48:57.065,499400,3
268,268,2025-05-27 05:48:57.070,765100,2
269,269,2025-05-27 05:48:57.075,1023915,1
270,270,2025-05-27 05:48:57.080,889135,3
271,271,2025-05-27 05:48:57.085,1755932,3
272,272,2025-05-27 06:05:59.000,1139683,3
273,273,2025-05-27 06:05:59.005,684158,3
274,274,2025-05-27 06:05:59.010,440510,2
275,275,2025-05-27 06:05:59.015,133431,1
276,276,2025-05-27 06:05:59.020,654347,2
277,277,2025-05-27 06:05:59.025,888101,1
278,278,2025-05-27 06:05:59.030,850772,4
279,279,2025-05-27 06:05:59.035,825565,1
280,280,2025-05-27 06:05:59.040,1525417,4
281,281,2025-05-27 06:05:59.045,1336949,1
282,282,2025-05-27 06:05:59.050,318891,4
283,283,2025-05-27 06:05:59.055,2520120,3
284,284,2025-05-27 06:05:59.060,1293508,1
285,285,2025-05-27 06:05:59.065,743343,3
286,286,2025-05-27 06:05:59.070,104484,1
287,287,2025-05-27 06:05:59.075,1631711,3
288,288,2025-05-27 12:56:06.000,605860,4
289,289,2025-05-27 12:56:06.005,686160,4
290,290,2025-05-27 12:56:06.010,112363,2
291,291,2025-05-27 12:56:06.015,406435,2
292,292,2025-05-27 12:56:06.020,776562,4
293,293,2025-05-27 12:56:06.025,1227395,1
294,294,2025-05-27 12:56:06.030,1318365,2
295,295,2025-05-27 12:56:06.035,768119,3
296,296,2025-05-27 12:56:06.040,406435,2
297,297,2025-05-27 12:56:06.045,888583,3
298,298,2025-05-27 12:56:06.050,1690145,1
299,299,2025-05-27 12:56:06.055,772033,3
300,300,2025-05-27 12:56:06.060,290182,3
301,301,2025-05-27 12:56:06.065,1490554,2
302,302,2025-05-27 12:56:06.070,158816,3
303,303,2025-05-27 12:56:06.075,667104,4
304,304,2025-05-27 12:56:06.080,858676,1
305,305,2025-05-27 12:56:06.085,183005,1
306,306,2025-05-27 12:56:06.090,691307,3
307,307,2025-05-27 12:56:06.095,967900,4
308,308,2025-05-27 12:56:06.100,1973708,2
309,309,2025-05-27 12:56:06.105,470211,4
310,310,2025-05-27 12:56:06.110,953393,4
311,311,2025-05-27 12:56:06.115,675789,1
312,312,2025-05-27 12:56:06.120,144722,3
313,313,2025-05-27 12:56:06.125,700802,2
314,314,2025-05-27 12:56:06.130,1276327,4
315,315,2025-05-27 12:56:06.135,136052,3
316,316,2025-05-27 12:56:06.140,623858,4
317,317,2025-05-27 12:56:06.145,902980,4
318,318,2025-05-27 12:56:06.150,350730,2
319,319,2025-05-27 12:56:06.155,469123,4
320,320,2025-05-27 12:56:06.160,331429,2
321,321,2025-05-27 12:56:06.165,2000715,1
322,322,2025-05-27 12:56:06.170,471584,1
323,323,2025-05-27 12:56:06.175,273112,4
324,324,2025-05-27 12:56:06.180,1238164,3
325,325,2025-05-27 12:56:06.185,857814,4
326,326,2025-05-27 12:56:06.190,745402,4
327,327,2025-05-27 12:56:06.195,652901,3
328,328,2025-05-27 12:56:06.200,566520,1
329,329,2025-05-27 12:56:06.205,656041,4
330,330,2025-05-27 12:56:06.210,201949,1
331,331,2025-05-27 12:56:06.215,728935,3
332,332,2025-05-27 12:56:06.220,1164539,2
333,333,2025-05-27 12:56:06.225,738369,3
334,334,2025-05-27 12:56:06.230,323151,3
335,335,2025-05-27 12:56:06.235,814815,1
336,336,2025-05-27 12:56:06.240,1162689,2
337,337,2025-05-27 12:56:06.245,307251,1
338,338,2025-05-27 12:56:06.250,694935,2
339,339,2025-05-27 12:56:06.255,1017704,4
340,340,2025-05-27 12:56:06.260,558599,2
341,341,2025-05-27 12:56:06.265,1259722,1
342,342,2025-05-27 12:56:06.270,806643,2
343,343,2025-05-27 12:56:06.275,1032213,2
344,344,2025-05-27 12:56:06.280,627033,2
345,345,2025-05-27 12:56:06.285,584973,3
346,346,2025-05-27 12:56:06.290,1965650,2
347,347,2025-05-27 12:56:06.295,265560,3
348,348,2025-05-27 12:56:06.300,776943,3
349,349,2025-05-27 12:56:06.305,200350,3
350,350,2025-05-27 12:56:06.310,556953,1
351,351,2025-05-27 12:56:06.315,546560,2
352,352,2025-05-27 12:56:06.320,318891,3
353,353,2025-05-27 12:56:06.325,1002257,2
354,354,2025-05-27 12:56:06.330,580003,1
355,355,2025-05-27 12:56:06.335,469123,1
356,356,2025-05-27 12:56:06.340,843949,3
357,357,2025-05-27 12:56:06.345,939423,1
358,358,2025-05-27 12:56:06.350,979782,2
359,359,2025-05-27 12:56:06.355,740802,1
360,360,2025-05-27 12:56:06.360,835898,1
361,361,2025-05-27 12:56:06.365,605860,1
362,362,2025-05-27 12:56:06.370,922795,3
363,363,2025-05-27 12:56:06.375,860280,1
364,364,2025-05-27 12:56:06.380,1513907,2
365,365,2025-05-27 12:56:06.385,1353481,3
366,366,2025-05-27 12:56:06.390,572124,3
367,367,2025-05-27 12:56:06.395,950795,4
368,368,2025-05-27 12:56:06.400,697802,2
369,369,2025-05-27 12:56:06.405,773541,2
370,370,2025-05-27 12:56:06.410,322338,1
371,371,2025-05-27 12:56:06.415,383312,2
372,372,2025-05-27 12:56:06.420,658156,1
373,373,2025-05-27 12:56:06.425,1005739,4
374,374,2025-05-27 12:56:06.430,702215,3
375,375,2025-05-27 12:56:06.435,670278,3
376,376,2025-05-27 12:56:06.440,1079217,1
377,377,2025-05-27 12:56:06.445,1290510,2
378,378,2025-05-27 12:56:06.450,1157306,3
379,379,2025-05-27 12:56:06.455,1691571,2
380,380,2025-05-27 12:56:06.460,1410143,4
381,381,2025-05-27 12:56:06.465,88811,4
382,382,2025-05-27 12:56:06.470,181200,3
383,383,2025-05-27 12:56:06.475,493814,1
384,384,2025-05-27 12:56:06.480,771930,1
385,385,2025-05-27 12:56:06.485,642399,4
386,386,2025-05-27 12:56:06.490,820943,1
387,387,2025-05-27 12:56:06.495,667104,3
388,388,2025-05-27 12:56:06.500,350730,3
389,389,2025-05-27 12:56:06.505,857814,4
390,390,2025-05-27 12:56:06.510,926002,4
391,391,2025-05-27 12:56:06.515,655520,3
392,392,2025-05-27 12:56:06.520,808681,4
393,393,2025-05-27 12:56:06.525,656754,2
394,394,2025-05-27 12:56:06.530,372650,2
395,395,2025-05-27 12:56:06.535,1181904,3
396,396,2025-05-27 12:56:06.540,540631,3
397,397,2025-05-27 12:56:06.545,779896,2
398,398,2025-05-27 12:56:06.550,411730,2
399,399,2025-05-27 12:56:06.555,149157,4
400,400,2025-05-27 12:56:06.560,214571,2
401,401,2025-05-27 12:56:06.565,455685,2
402,402,2025-05-27 12:56:06.570,658156,1
403,403,2025-05-27 12:56:06.575,200350,3
404,404,2025-05-27 12:56:06.580,394141,3
405,405,2025-05-27 12:56:06.585,1003663,4
406,406,2025-05-27 12:56:06.590,398614,2
407,407,2025-05-27 12:56:06.595,654889,1
408,408,2025-05-27 12:56:06.600,507444,3
409,409,2025-05-27 12:56:06.605,673087,1
410,410,2025-05-27 12:56:06.610,292071,2
411,411,2025-05-27 12:56:06.615,438412,4
412,412,2025-05-27 12:56:06.620,215175,3
413,413,2025-05-27 12:56:06.625,290182,4
414,414,2025-05-27 12:56:06.630,730325,1
415,415,2025-05-27 12:56:06.635,1117476,3
416,416,2025-05-27 12:56:06.640,1520079,2
417,417,2025-05-27 12:56:06.645,239349,2
418,418,2025-05-27 12:56:06.650,123067,4
419,419,2025-05-27 12:56:06.655,825937,3
420,420,2025-05-27 12:56:06.660,646191,2
421,421,2025-05-27 12:56:06.665,256086,4
422,422,2025-05-27 12:56:06.670,1249695,2
423,423,2025-05-31 11:41:44.000,416491,2
424,424,2025-05-31 11:41:44.005,350730,4
425,425,2025-05-31 11:41:44.010,94036,2
426,426,2025-05-31 11:41:44.015,1562389,4
427,427,2025-05-31 11:41:44.020,1460093,1
428,428,2025-05-31 11:41:44.025,1160998,1
429,429,2025-05-31 11:41:44.030,341390,4
430,430,2025-05-31 11:41:44.035,862801,2
431,431,2025-05-31 11:41:44.040,1149039,1
432,432,2025-05-31 11:41:44.045,463695,2
433,433,2025-05-31 11:41:44.050,656041,4
434,434,2025-05-31 11:41:44.055,575567,3
435,435,2025-05-31 11:41:44.060,1137719,2
436,436,2025-05-31 11:41:44.065,1241597,2
437,437,2025-05-31 11:41:44.070,1028149,4
438,438,2025-05-31 11:41:44.075,134241,4
439,439,2025-05-31 11:41:44.080,826806,2
440,440,2025-05-31 11:41:44.085,707909,2
441,441,2025-05-31 11:41:44.090,702215,4
442,442,2025-05-31 11:41:44.095,560006,3
443,443,2025-05-31 11:41:44.100,523478,1
444,444,2025-05-31 11:41:44.105,432145,2
445,445,2025-05-31 11:41:44.110,585725,3
446,446,2025-05-31 11:41:44.115,1412397,2
447,447,2025-05-31 11:41:44.120,560006,2
448,448,2025-05-31 11:41:44.125,927627,2
449,449,2025-05-31 11:41:44.130,350730,4
450,450,2025-05-31 11:41:44.135,987859,3
451,451,2025-05-31 11:41:44.140,278562,2
452,452,2025-05-31 11:41:44.145,1054926,4
453,453,2025-05-31 11:41:44.150,1244232,4
454,454,2025-05-31 11:41:44.155,817083,3
455,455,2025-05-31 11:41:44.160,437463,2
456,456,2025-05-31 11:41:44.165,143233,1
457,457,2025-05-31 11:41:44.170,701600,2
458,458,2025-05-31 11:41:44.175,483494,3
459,459,2025-05-31 11:41:44.180,2013500,3
460,460,2025-05-31 11:41:44.185,1505902,2
461,461,2025-05-31 11:41:44.190,496089,4
462,462,2025-05-31 11:41:44.195,1413154,3
463,463,2025-05-31 11:41:44.200,692899,3
464,464,2025-05-31 11:41:44.205,1484615,2
465,465,2025-05-31 11:41:44.210,737610,2
466,466,2025-05-31 11:41:44.215,499599,4
467,467,2025-05-31 11:41:44.220,627033,4
468,468,2025-05-31 11:41:44.225,1466056,4
469,469,2025-05-31 11:41:44.230,1795945,2
470,470,2025-05-31 11:41:44.235,601955,4
471,471,2025-05-31 11:41:44.240,1127039,1
472,472,2025-05-31 11:41:44.245,589633,1
473,473,2025-05-31 11:41:44.250,273112,4
474,474,2025-05-31 11:41:44.255,772033,1
475,475,2025-05-31 11:41:44.260,318891,3
476,476,2025-05-31 11:41:44.265,574149,1
477,477,2025-05-31 11:41:44.270,318642,3
478,478,2025-05-31 11:41:44.275,323903,1
479,479,2025-05-31 11:41:44.280,620872,2
480,480,2025-05-31 11:41:44.285,844993,3
481,481,2025-05-31 11:41:44.290,924720,4
482,482,2025-05-31 11:41:44.295,1846296,4
483,483,2025-05-31 11:41:44.300,1332701,2
484,484,2025-05-31 11:41:44.305,776280,4
485,485,2025-05-31 11:41:44.310,832815,2
486,486,2025-05-31 11:41:44.315,115828,2
487,487,2025-05-31 11:41:44.320,1407510,2
488,488,2025-05-31 11:41:44.325,410117,3
489,489,2025-05-31 11:41:44.330,1446385,1
490,490,2025-05-31 11:41:44.335,1704628,3
491,491,2025-05-31 11:41:44.340,530532,1
492,492,2025-05-31 11:41:44.345,558599,1
493,493,2025-05-31 11:41:44.350,158816,2
494,494,2025-05-31 11:41:44.355,596883,1
495,495,2025-05-31 11:41:44.360,267508,2
496,496,2025-05-31 11:41:44.365,820943,1
497,497,2025-05-31 11:41:44.370,2087577,1
498,498,2025-05-31 11:41:44.375,1512818,3
499,499,2025-05-31 11:41:44.380,112363,3
500,500,2025-05-31 11:41:44.385,914051,2
501,501,2025-05-31 11:41:44.390,499400,3
502,502,2025-05-31 11:41:44.395,527094,1
503,503,2025-05-31 11:41:44.400,278562,4
504,504,2025-05-31 11:41:44.405,763448,1
505,505,2025-05-31 11:41:44.410,887437,2
506,506,2025-05-31 11:41:44.415,534432,3
507,507,2025-05-31 11:41:44.420,287914,2
508,508,2025-05-31 11:41:44.425,1070670,4
509,509,2025-05-31 11:41:44.430,144785,2
510,510,2025-05-31 11:41:44.435,798510,3
511,511,2025-05-31 11:41:44.440,1182916,1
512,512,2025-05-31 11:41:44.445,686677,4
513,513,2025-05-31 11:41:44.450,522322,1
514,514,2025-05-31 11:41:44.455,540631,1
515,515,2025-05-31 11:41:44.460,128156,2
516,516,2025-05-31 11:41:44.465,767079,4
517,517,2025-05-31 11:41:44.470,776943,4
518,518,2025-05-31 11:41:44.475,1402640,2
519,519,2025-05-31 11:41:44.480,1504152,2
520,520,2025-05-31 11:41:44.485,708466,1
521,521,2025-05-31 11:41:44.490,738369,1
522,522,2025-05-31 11:41:44.495,298443,2
523,523,2025-05-31 11:41:44.500,804753,4
524,524,2025-05-31 11:41:44.505,697802,3
525,525,2025-05-31 11:41:44.510,1271223,1
526,526,2025-05-31 11:41:44.515,589400,1
527,527,2025-05-31 11:41:44.520,815232,1
528,528,2025-05-31 11:41:44.525,697802,1
529,529,2025-05-31 11:41:44.530,201949,3
530,530,2025-05-31 11:41:44.535,787173,1
531,531,2025-05-31 11:41:44.540,341390,4
532,532,2025-05-31 11:41:44.545,364046,2
533,533,2025-05-31 11:41:44.550,698481,3
534,534,2025-05-31 11:41:44.555,151169,2
535,535,2025-05-31 11:41:44.560,1283033,2
536,536,2025-05-31 11:41:44.565,664794,3
537,537,2025-05-31 11:41:44.570,776943,3
538,538,2025-05-31 11:41:44.575,614495,1
539,539,2025-05-31 11:41:44.580,601955,2
540,540,2025-05-31 11:41:44.585,425902,3
541,541,2025-05-31 11:41:44.590,697937,1
542,542,2025-05-31 11:41:44.595,560006,3
543,543,2025-05-31 11:41:44.600,330048,1
544,544,2025-05-31 11:41:44.605,481564,4
545,545,2025-05-31 11:41:44.610,1233324,2
546,546,2025-05-31 11:41:44.615,732137,4
547,547,2025-05-31 11:41:44.620,1247137,3
548,548,2025-05-31 11:41:44.625,648935,4
549,549,2025-05-31 11:41:44.630,735783,2
550,550,2025-05-31 11:41:44.635,843875,2
551,551,2025-05-31 11:41:44.640,493144,3
552,552,2025-05-31 11:41:44.645,215651,4
553,553,2025-05-31 11:41:44.650,362630,4
554,554,2025-05-31 11:41:44.655,223630,3
555,555,2025-05-31 11:41:44.660,226500,4
556,556,2025-05-31 11:41:44.665,726114,1
557,557,2025-05-31 11:41:44.670,410117,1
558,558,2025-05-31 11:41:44.675,433891,1
559,559,2025-05-31 11:41:44.680,970727,3
560,560,2025-05-31 11:41:44.685,287914,4
561,561,2025-05-31 11:41:44.690,1302795,4
562,562,2025-05-31 11:41:44.695,784640,3
563,563,2025-05-31 11:41:44.700,99260,1
564,564,2025-05-31 11:41:44.705,298468,3
565,565,2025-05-31 11:41:44.710,605778,3
566,566,2025-05-31 11:41:44.715,700802,2
567,567,2025-05-31 11:41:44.720,566773,3
568,568,2025-05-31 11:41:44.725,417897,4
569,569,2025-05-31 11:41:44.730,765100,1
570,570,2025-05-31 11:41:44.735,620111,3
571,571,2025-05-31 11:41:44.740,614880,2
572,572,2025-05-31 11:41:44.745,510460,3
573,573,2025-05-31 11:41:44.750,1445733,1
574,574,2025-05-31 11:41:44.755,1280060,1
575,575,2025-05-31 11:41:44.760,386113,3
576,576,2025-05-31 11:41:44.765,363911,2
577,577,2025-05-31 11:41:44.770,984538,3
578,578,2025-05-31 11:41:44.775,691531,2
579,579,2025-05-31 11:41:44.780,143611,2
580,580,2025-05-31 11:41:44.785,324320,1
581,581,2025-05-31 11:41:44.790,602196,1
582,582,2025-05-31 11:41:44.795,1440449,3
583,583,2025-05-31 11:41:44.800,256086,1
584,584,2025-05-31 11:41:44.805,143611,2
585,585,2025-05-31 11:41:44.810,134241,3
586,586,2025-05-31 11:41:44.815,731284,4
587,587,2025-05-31 11:41:44.820,889544,4
588,588,2025-05-31 11:41:44.825,658517,1
589,589,2025-05-31 11:41:44.830,484937,1
590,590,2025-05-31 11:41:44.835,806643,4
591,591,2025-05-31 11:41:44.840,565870,3
592,592,2025-05-31 11:41:44.845,921782,3
593,593,2025-05-31 11:41:44.850,1433604,4
594,594,2025-05-31 11:41:44.855,1277695,4
595,595,2025-05-31 11:41:44.860,814815,3
596,596,2025-05-31 11:41:44.865,1380066,4
597,597,2025-05-31 11:41:44.870,744236,1
598,598,2025-05-31 11:41:44.875,163741,1
599,599,2025-05-31 11:41:44.880,226500,4
600,600,2025-05-31 11:41:44.885,284933,4
601,601,2025-05-31 11:41:44.890,345470,1
602,602,2025-05-31 11:41:44.895,831943,4
603,603,2025-05-31 11:41:44.900,1359341,1
604,604,2025-05-31 11:41:44.905,829812,4
605,605,2025-05-31 11:41:44.910,688239,3
606,606,2025-05-31 11:41:44.915,341897,3
607,607,2025-05-31 11:41:44.920,1676398,4
608,608,2025-05-31 11:41:44.925,215175,1
609,609,2025-05-31 11:41:44.930,523478,1
610,610,2025-05-31 11:41:44.935,679071,3
611,611,2025-05-31 11:41:44.940,469013,1
612,612,2025-05-31 11:41:44.945,281190,3
613,613,2025-05-31 11:41:44.950,134241,4
614,614,2025-05-31 11:41:44.955,634305,3
615,615,2025-05-31 11:41:44.960,120935,3
616,616,2025-05-31 11:41:44.965,483494,3
617,617,2025-05-31 11:41:44.970,416491,2
618,618,2025-05-31 11:41:44.975,1053013,2
619,619,2025-05-31 11:41:44.980,654889,3
620,620,2025-05-31 11:41:44.985,274678,1
621,621,2025-05-31 11:41:44.990,1446900,3
622,622,2025-05-31 11:41:44.995,1052948,2
623,623,2025-05-31 11:41:45.000,694935,3
624,624,2025-05-31 11:41:45.005,311334,3
625,625,2025-05-31 11:41:45.010,364015,2
626,626,2025-05-31 11:41:45.015,444433,4
627,627,2025-05-31 11:41:45.020,1226935,1
628,628,2025-05-31 11:41:45.025,815232,3
629,629,2025-05-31 11:41:45.030,323903,3
630,630,2025-05-31 11:41:45.035,267028,1
631,631,2025-05-31 11:41:45.040,642000,3
632,632,2025-05-31 11:41:45.045,1512106,1
633,633,2025-05-31 11:41:45.050,1688820,1
634,634,2025-05-31 11:41:45.055,527566,3
635,635,2025-05-31 11:41:45.060,1149859,1
636,636,2025-05-31 11:41:45.065,597307,4
637,637,2025-05-31 11:41:45.070,1482701,2
638,638,2025-05-31 11:41:45.075,481564,2
639,639,2025-05-31 11:41:45.080,987439,2
640,640,2025-05-31 11:41:45.085,1909690,3
641,641,2025-05-31 11:41:45.090,806643,2
642,642,2025-05-31 11:41:45.095,368254,4
643,643,2025-05-31 11:41:45.100,227192,2
644,644,2025-05-31 11:41:45.105,1029511,4
645,645,2025-05-31 11:41:45.110,560006,2
646,646,2025-05-31 11:41:45.115,1072519,3
647,647,2025-05-31 11:41:45.120,642399,1
648,648,2025-05-31 11:41:45.125,463695,3
649,649,2025-05-31 11:41:45.130,695548,3
650,650,2025-05-31 11:41:45.135,149474,4
651,651,2025-05-31 11:41:45.140,365791,2
652,652,2025-05-31 11:41:45.145,204880,2
653,653,2025-05-31 11:41:45.150,287437,1
654,654,2025-05-31 11:41:45.155,855710,4
655,655,2025-05-31 11:41:45.160,1172722,3
656,656,2025-05-31 11:41:45.165,1290920,3
657,657,2025-05-31 11:41:45.170,444190,2
658,658,2025-05-31 11:41:45.175,697802,1
659,659,2025-05-31 11:41:45.180,1212378,3
660,660,2025-05-31 11:41:45.185,981385,2
661,661,2025-05-31 11:41:45.190,471656,2
662,662,2025-05-31 11:41:45.195,1175453,3
663,663,2025-05-31 11:41:45.200,1415063,3
664,664,2025-05-31 11:41:45.205,546560,3
665,665,2025-05-31 11:41:45.210,163741,1
666,666,2025-05-31 11:41:45.215,1066158,2
667,667,2025-05-31 11:41:45.220,1254497,1
668,668,2025-05-31 11:41:45.225,1081869,3
669,669,2025-05-31 11:41:45.230,721728,2
670,670,2025-05-31 11:41:45.235,1746831,4
671,671,2025-05-31 11:41:45.240,370956,3
672,672,2025-05-31 11:41:45.245,873633,4
673,673,2025-05-31 11:41:45.250,1648079,1
674,674,2025-05-31 11:41:45.255,395051,3
675,675,2025-05-31 11:41:45.260,1296997,1
676,676,2025-05-31 11:41:45.265,112363,3
677,677,2025-05-31 11:41:45.270,909362,4
678,678,2025-05-31 11:41:45.275,1718936,1
679,679,2025-05-31 11:41:45.280,581534,2
680,680,2025-05-31 11:41:45.285,811944,3
681,681,2025-05-31 11:41:45.290,764515,4
682,682,2025-05-31 11:41:45.295,1159433,3
683,683,2025-05-31 11:41:45.300,399932,2
684,684,2025-05-31 11:41:45.305,170261,4
685,685,2025-05-31 11:41:45.310,1679492,2
686,686,2025-05-31 11:41:45.315,1280445,1
687,687,2025-05-31 11:41:45.320,1014751,2
688,688,2025-05-31 11:41:45.325,623645,3
689,689,2025-05-31 11:41:45.330,126409,3
690,690,2025-05-31 11:41:45.335,721128,1
691,691,2025-05-31 11:41:45.340,910069,3
692,692,2025-05-31 11:41:45.345,496089,2
693,693,2025-05-31 11:41:45.350,316025,4
694,694,2025-05-31 11:41:45.355,667104,2
695,695,2025-05-31 11:41:45.360,740802,4
696,696,2025-05-31 11:41:45.365,822646,4
697,697,2025-05-31 11:41:45.370,1319185,2
698,698,2025-05-31 11:41:45.375,961108,1
699,699,2025-05-31 11:41:45.380,120935,1
700,700,2025-05-31 11:41:45.385,700653,1
701,701,2025-05-31 11:41:45.390,1269777,1
702,702,2025-05-31 11:41:45.395,971555,4
703,703,2025-05-31 11:41:45.400,253428,4
704,704,2025-05-31 11:41:45.405,554889,4
705,705,2025-05-31 11:41:45.410,623858,3
706,706,2025-05-31 11:41:45.415,158816,2
707,707,2025-05-31 11:41:45.420,1099441,2
708,708,2025-05-31 11:41:45.425,1772803,1
709,709,2025-05-31 11:41:45.430,810443,4
710,710,2025-05-31 11:41:45.435,1478935,3
711,711,2025-05-31 11:41:45.440,1364395,1
712,712,2025-05-31 11:41:45.445,787102,3
713,713,2025-05-31 11:41:45.450,914492,4
714,714,2025-05-31 11:41:45.455,123067,3
715,715,2025-05-31 11:41:45.460,970703,2
716,716,2025-05-31 11:41:45.465,772033,2
717,717,2025-05-31 11:41:45.470,785724,3
718,718,2025-05-31 11:41:45.475,1517142,4
719,719,2025-05-31 11:41:45.480,761830,4
720,720,2025-05-31 11:41:45.485,987859,3
721,721,2025-05-31 11:41:45.490,607271,2
722,722,2025-05-31 11:41:45.495,1292368,1
723,723,2025-05-31 11:41:45.500,516278,2
724,724,2025-05-31 11:41:45.505,151169,3
725,725,2025-05-31 11:41:45.510,251592,1
726,726,2025-05-31 11:41:45.515,379347,4
727,727,2025-05-31 11:41:45.520,937888,4
728,728,2025-05-31 11:41:45.525,143611,4
729,729,2025-06-09 12:37:19.000,1136709,4
730,730,2025-06-09 12:37:19.005,686251,2
731,731,2025-06-09 12:37:19.010,721728,1
732,732,2025-06-09 12:37:19.015,1003910,4
733,733,2025-06-09 12:37:19.020,738664,1
734,734,2025-06-09 12:37:19.025,168158,4
735,735,2025-06-09 12:37:19.030,851456,2
736,736,2025-06-09 12:37:19.035,1684083,1
737,737,2025-06-09 12:37:19.040,1579600,4
738,738,2025-06-09 12:37:19.045,968524,1
739,739,2025-06-09 12:37:19.050,701600,2
740,740,2025-06-09 12:37:19.055,588626,1
741,741,2025-06-09 12:37:19.060,811392,4
742,742,2025-06-09 12:37:19.065,602590,2
743,743,2025-06-09 12:37:19.070,1356526,4
744,744,2025-06-09 12:37:19.075,1414191,1
745,745,2025-06-09 12:37:19.080,502995,3
746,746,2025-06-09 12:37:19.085,1155694,2
747,747,2025-06-09 12:37:19.090,738369,3
748,748,2025-06-09 12:37:19.095,1128670,1
749,749,2025-06-09 12:37:19.100,705731,2
750,750,2025-06-09 12:37:19.105,488929,2
751,751,2025-06-09 12:37:19.110,292071,3
752,752,2025-06-09 12:37:19.115,502995,4
753,753,2025-06-09 12:37:19.120,251583,1
754,754,2025-06-09 12:37:19.125,136052,1
755,755,2025-06-09 12:37:19.130,585165,3
756,756,2025-06-09 12:37:19.135,814923,1
757,757,2025-06-09 12:37:19.140,399932,3
758,758,2025-06-09 12:37:19.145,765100,2
759,759,2025-06-09 12:37:19.150,1510500,2
760,760,2025-06-09 12:37:19.155,1452496,4
761,761,2025-06-09 12:37:19.160,1963355,1
762,762,2025-06-09 12:37:19.165,256086,3
763,763,2025-06-09 12:37:19.170,251321,4
764,764,2025-06-09 12:37:19.175,412351,3
765,765,2025-06-09 12:37:19.180,951635,3
766,766,2025-06-09 12:37:19.185,917561,1
767,767,2025-06-09 12:37:19.190,847644,4
768,768,2025-06-09 12:37:19.195,1346121,4
769,769,2025-06-09 12:37:19.200,342484,1
770,770,2025-06-09 12:37:19.205,203850,1
771,771,2025-06-09 12:37:19.210,1736828,2
772,772,2025-06-09 12:37:19.215,498326,4
773,773,2025-06-09 12:37:19.220,273112,1
774,774,2025-06-09 12:37:19.225,358753,3
775,775,2025-06-09 12:37:19.230,300762,3
776,776,2025-06-09 12:37:19.235,628744,2
777,777,2025-06-09 12:37:19.240,619962,2
778,778,2025-06-09 12:37:19.245,605778,1
779,779,2025-06-09 12:37:19.250,961850,2
780,780,2025-06-09 12:37:19.255,1216311,3
781,781,2025-06-09 12:37:19.260,1142235,3
782,782,2025-06-09 12:37:19.265,1321340,4
783,783,2025-06-09 12:37:19.270,1701444,4
784,784,2025-06-09 12:37:19.275,779556,4
785,785,2025-06-09 12:37:19.280,743441,3
786,786,2025-06-09 12:37:19.285,168158,4
787,787,2025-06-09 12:37:19.290,560006,2
788,788,2025-06-09 12:37:19.295,905813,1
789,789,2025-06-09 12:37:19.300,825565,1
790,790,2025-06-09 12:37:19.305,1270038,1
791,791,2025-06-09 12:37:19.310,708466,1
792,792,2025-06-09 12:37:19.315,382857,4
793,793,2025-06-09 12:37:19.320,217685,1
794,794,2025-06-09 12:37:19.325,851456,4
795,795,2025-06-09 12:37:19.330,496089,1
796,796,2025-06-09 12:37:19.335,385628,1
797,797,2025-06-09 12:37:19.340,822646,3
798,798,2025-06-09 12:37:19.345,527566,2
799,799,2025-06-09 12:37:19.350,751538,1
800,800,2025-06-09 12:37:19.355,437463,2
801,801,2025-06-09 12:37:19.360,2043965,1
802,802,2025-06-09 12:37:19.365,394571,2
803,803,2025-06-09 12:37:19.370,1322300,4
804,804,2025-06-09 12:37:19.375,615742,2
805,805,2025-06-09 12:37:19.380,1119195,1
806,806,2025-06-09 12:37:19.385,675994,3
807,807,2025-06-09 12:37:19.390,484937,1
808,808,2025-06-09 12:37:19.395,385971,3
809,809,2025-06-09 12:37:19.400,589480,1
810,810,2025-06-09 12:37:19.405,840940,2
811,811,2025-06-09 12:37:19.410,1231103,3
812,812,2025-06-09 12:37:19.415,580720,1
813,813,2025-06-09 12:37:19.420,534432,3
814,814,2025-06-09 12:37:19.425,798510,4
815,815,2025-06-09 12:37:19.430,120618,2
816,816,2025-06-09 12:37:19.435,112363,3
817,817,2025-06-09 12:37:19.440,513497,3
818,818,2025-06-09 12:37:19.445,1373459,4
819,819,2025-06-09 12:37:19.450,347374,2
820,820,2025-06-09 12:37:19.455,363911,3
821,821,2025-06-09 12:37:19.460,313016,3
822,822,2025-06-09 12:37:19.465,395051,2
823,823,2025-06-09 12:37:19.470,1789347,2
824,824,2025-06-09 12:37:19.475,444190,3
825,825,2025-06-09 12:37:19.480,284933,4
826,826,2025-06-09 12:37:19.485,1618615,4
827,827,2025-06-09 12:37:19.490,738049,4
828,828,2025-06-09 12:37:19.495,481564,2
829,829,2025-06-09 12:37:19.500,341390,3
830,830,2025-06-09 12:37:19.505,743343,4
831,831,2025-06-09 12:37:19.510,684158,2
832,832,2025-06-09 12:37:19.515,313016,2
833,833,2025-06-09 12:37:19.520,1224383,3
834,834,2025-06-09 12:37:19.525,395051,4
835,835,2025-06-09 12:37:19.530,526721,3
836,836,2025-06-09 12:37:19.535,1244434,3
837,837,2025-06-09 12:37:19.540,589200,4
838,838,2025-06-09 12:37:19.545,496089,4
839,839,2025-06-09 12:37:19.550,333582,4
840,840,2025-06-09 12:37:19.555,642000,1
841,841,2025-06-09 12:37:19.560,351979,1
842,842,2025-06-09 12:37:19.565,845481,3
843,843,2025-06-09 12:37:19.570,421138,3
844,844,2025-06-09 12:37:19.575,619962,2
845,845,2025-06-09 12:37:19.580,469013,2
846,846,2025-06-09 12:37:19.585,128156,3
847,847,2025-06-09 12:37:19.590,278562,4
848,848,2025-06-09 12:37:19.595,266391,3
849,849,2025-06-09 12:37:19.600,366672,4
850,850,2025-06-09 12:37:19.605,772253,1
851,851,2025-06-09 12:37:19.610,1335061,3
852,852,2025-06-09 12:37:19.615,558516,4
853,853,2025-06-09 12:37:19.620,1366688,2
854,854,2025-06-09 12:37:19.625,366672,2
855,855,2025-06-09 12:37:19.630,779896,1
856,856,2025-06-09 12:37:19.635,580720,4
857,857,2025-06-09 12:37:19.640,743343,3
858,858,2025-06-09 12:37:19.645,362630,1
859,859,2025-06-09 12:37:19.650,1487297,3
860,860,2025-06-09 12:37:19.655,1224959,2
861,861,2025-06-09 12:37:19.660,765100,1
862,862,2025-06-09 12:37:19.665,523819,3
863,863,2025-06-09 12:37:19.670,1570715,4
864,864,2025-06-09 12:37:19.675,620872,1
865,865,2025-06-09 12:37:19.680,130307,4
866,866,2025-06-09 12:37:19.685,1150628,2
867,867,2025-06-09 12:37:19.690,151169,4
868,868,2025-06-09 12:37:19.695,345470,4
869,869,2025-06-09 12:37:19.700,1360273,3
870,870,2025-06-09 12:37:19.705,787173,2
871,871,2025-06-09 12:37:19.710,1233093,4
872,872,2025-06-09 12:37:19.715,951578,4
873,873,2025-06-09 12:37:19.720,540631,4
874,874,2025-06-09 12:37:19.725,795374,4
875,875,2025-06-09 12:37:19.730,418062,4
876,876,2025-06-09 12:37:19.735,658156,3
877,877,2025-06-09 12:37:19.740,950505,2
878,878,2025-06-09 12:37:19.745,183005,4
879,879,2025-06-09 12:37:19.750,725050,2
880,880,2025-06-09 12:37:19.755,215175,4
881,881,2025-06-09 12:37:19.760,229129,1
882,882,2025-06-09 12:37:19.765,871395,3
883,883,2025-06-09 12:37:19.770,1202243,4
884,884,2025-06-09 12:37:19.775,1089331,4
885,885,2025-06-09 12:37:19.780,825937,1
886,886,2025-06-09 12:37:19.785,484971,1
887,887,2025-06-09 12:37:19.790,833402,2
888,888,2025-06-09 12:37:19.795,1040770,4
889,889,2025-06-09 12:37:19.800,1015397,2
890,890,2025-06-09 12:37:19.805,558599,4
891,891,2025-06-09 12:37:19.810,1359574,4
892,892,2025-06-09 12:37:19.815,1065261,3
893,893,2025-06-09 12:37:19.820,284933,3
894,894,2025-06-09 12:37:19.825,1178259,1
895,895,2025-06-09 12:37:19.830,769941,3
896,896,2025-06-09 12:37:19.835,595265,4
897,897,2025-06-09 12:37:19.840,1302616,1
898,898,2025-06-09 12:37:19.845,364205,3
899,899,2025-06-09 12:37:19.850,482683,4
900,900,2025-06-09 12:37:19.855,538470,4
901,901,2025-06-09 12:37:19.860,419742,2
902,902,2025-06-09 12:37:19.865,136052,1
903,903,2025-06-09 12:37:19.870,855048,2
904,904,2025-06-09 12:37:19.875,565870,2
905,905,2025-06-09 12:37:19.880,153235,1
906,906,2025-06-09 12:37:19.885,408368,1
907,907,2025-06-09 12:37:19.890,625416,3
908,908,2025-06-09 12:37:19.895,650345,1
909,909,2025-06-09 12:37:19.900,583148,1
910,910,2025-06-09 12:37:19.905,922013,1
911,911,2025-06-09 12:37:19.910,825098,1
912,912,2025-06-09 12:37:19.915,620111,1
913,913,2025-06-09 12:37:19.920,514662,2
914,914,2025-06-09 12:37:19.925,1139568,1
915,915,2025-06-09 12:37:19.930,622930,1
916,916,2025-06-09 12:37:19.935,737286,1
917,917,2025-06-09 12:37:19.940,233657,4
918,918,2025-06-09 12:37:19.945,558599,4
919,919,2025-06-09 12:37:19.950,779516,2
920,920,2025-06-09 13:27:03.562,1012661,3
921,921,2025-06-09 16:30:21.036,923501,3
922,922,2025-06-09 23:41:59.558,893619,4
923,923,2025-06-10 09:56:55.555,1299444,3
924,924,2025-06-10 13:09:18.723,1004469,1
925,925,2025-06-10 17:08:31.592,412351,4
926,926,2025-06-10 20:11:51.551,325148,3
927,927,2025-06-10 21:41:03.083,824799,3
928,928,2025-06-11 06:26:47.547,695548,4
929,929,2025-06-11 08:13:16.391,292071,2
930,930,2025-06-11 16:03:01.144,1105178,4
931,931,2025-06-11 16:41:43.544,153235,4
932,932,2025-06-11 20:01:52.319,1902924,4
933,933,2025-06-12 02:56:39.540,1109111,1
934,934,2025-06-12 13:11:35.537,825937,4
935,935,2025-06-12 16:14:48.190,631993,3
936,936,2025-06-12 18:49:44.697,432145,4
937,937,2025-06-12 20:14:11.364,342484,3
938,938,2025-06-12 23:26:31.533,1723254,2
939,939,2025-06-13 09:03:32.596,280911,4
940,940,2025-06-13 09:41:27.529,446381,3
941,941,2025-06-13 15:06:18.888,1714407,2
942,942,2025-06-13 19:51:26.722,1124650,1
943,943,2025-06-13 19:56:23.526,1450996,4
944,944,2025-06-14 06:11:19.522,1521964,2
945,945,2025-06-14 13:43:17.648,896270,1
946,946,2025-06-14 15:41:54.002,561772,2
947,947,2025-06-14 16:25:26.710,1227371,2
948,948,2025-06-14 16:26:15.519,192525,3
949,949,2025-06-15 02:41:11.515,523478,3
950,950,2025-06-15 12:03:26.749,215175,2
951,951,2025-06-15 12:56:07.512,493814,3
952,952,2025-06-15 13:08:42.638,399932,1
953,953,2025-06-15 14:57:51.093,947193,1
954,954,2025-06-15 23:11:03.508,560006,3
955,955,2025-06-16 09:25:59.504,1876789,1
956,956,2025-06-16 14:55:20.268,181200,3
957,957,2025-06-16 17:55:15.265,225270,2
958,958,2025-06-16 19:40:55.501,1210451,4
959,959,2025-06-16 20:43:15.641,589480,1
960,960,2025-06-17 05:55:51.497,766728,2
961,961,2025-06-17 16:10:47.494,740578,3
962,962,2025-06-17 16:35:42.094,622333,3
963,963,2025-06-17 16:57:37.040,688590,4
964,964,2025-06-17 18:25:58.125,970287,1
965,965,2025-06-18 02:25:43.490,333582,2
966,966,2025-06-18 09:13:18.304,620666,2
967,967,2025-06-18 12:40:39.487,1695689,2
968,968,2025-06-18 17:04:16.244,381216,4
969,969,2025-06-18 17:24:30.164,1148668,1
970,970,2025-06-18 22:55:35.483,717016,2
971,971,2025-06-19 09:10:31.479,787102,2
972,972,2025-06-19 13:24:23.595,675789,3
973,973,2025-06-19 17:35:22.331,527094,3
974,974,2025-06-19 19:25:27.476,1921634,1
975,975,2025-06-19 19:27:46.288,566773,3
976,976,2025-06-20 05:40:23.472,2097493,3
977,977,2025-06-20 10:54:06.555,115828,1
978,978,2025-06-20 11:08:32.437,1564753,3
979,979,2025-06-20 13:11:01.270,605860,1
980,980,2025-06-20 15:55:19.469,557731,4
981,981,2025-06-21 02:10:15.465,620111,4
982,982,2025-06-21 11:12:11.499,378683,3
983,983,2025-06-21 12:25:11.462,1352015,2
984,984,2025-06-21 14:52:40.181,1436280,4
985,985,2025-06-21 17:43:23.750,394141,1
986,986,2025-06-21 22:40:07.458,1114805,3
987,987,2025-06-22 08:43:28.522,794592,1
988,988,2025-06-22 08:55:03.454,1377984,3
989,989,2025-06-22 14:42:24.487,1233888,1
990,990,2025-06-22 19:09:59.451,824389,1
991,991,2025-06-22 20:28:37.819,663917,2
992,992,2025-06-23 05:24:55.447,266391,2
993,993,2025-06-23 15:39:51.444,323151,3
994,994,2025-06-23 15:40:30.848,708466,3
995,995,2025-06-23 16:59:00.790,702215,1
996,996,2025-06-23 21:21:42.006,341390,2
997,997,2025-06-24 01:54:47.440,1435260,3
998,998,2025-06-24 09:32:24.665,362017,3
999,999,2025-06-24 10:19:32.809,281190,1
1000,1000,2025-06-24 11:48:51.234,749753,1
